order_id,date,time,order_type,branch_code,order_items,order_price,customer_lat,customer_lon,customerHasloyalty?,distance_to_customer_KM,delivery_fee
ORDX02948,2018-03-11,10:11:49,Breakfast,BK,"[('Cereal', 4), ('Eggs', 3), ('Coffee', 1), ('Pancake', 2)]",206.0,-37.8050402,144.963243,0,7.615,14.4039147
ORDC07988,2018-03-06,10:01:41,Breakfast,NS,"[('Coffee', 2), ('Cereal', 5), ('Eggs', 10), ('Pancake', 4)]",437.0,-37.815989,144.9834349,0,8.624,13.8077725
ORDI00568,2018-07-05,14:05:04,Lunch,NS,"[('Fries', 6), ('Chicken', 5), ('Salad', 7), ('Burger', 5)]",507.4,-37.8062814,144.9419603,0,9.316,15.0283836
ORDI06756,2018-04-23,11:43:05,Breakfast,NS,"[('Coffee', 3), ('Pancake', 6), ('Eggs', 3)]",234.0,-37.8222588,144.946977,0,9.975,15.2172703
ORDX01986,2018-04-29,11:53:14,Breakfast,BK,"[('Coffee', 6), ('Cereal', 1), ('Eggs', 2), ('Pancake', 1)]",134.25,-37.8159505,144.9860011,0,6.038,13.6774998
ORDZ09853,2018-03-21,10:32:06,Breakfast,NS,"[('Coffee', 2), ('Eggs', 3), ('Pancake', 1), ('Cereal', 1)]",126.25,-37.8149938,144.9605383,0,8.306,12.8856289
ORDY09191,2018-10-13,17:27:53,Dinner,TP,"[('Salmon', 4), ('Shrimp', 3)]",326.0,-37.8207499,144.9574438,0,8.0,13.4294938
ORDK01113,2018-12-29,20:00:00,Dinner,BK,"[('Fish&Chips', 8), ('Salmon', 3), ('Shrimp', 9)]",889.0,-37.8163952,144.9381699,0,9.971,19.7109054
ORDJ01725,2018-11-21,18:49:00,Dinner,TP,"[('Salmon', 7), ('Fish&Chips', 10), ('Pasta', 6), ('Shrimp', 1)]",856.0,-37.810778,144.9391446,0,10.243,14.2966217
ORDC02767,2018-05-25,12:43:56,Lunch,NS,"[('Chicken', 3), ('Fries', 7)]",180.0,-37.8017477,145.0111609,0,10.016,15.0732261
ORDB04875,2018-03-14,10:21:58,Breakfast,TP,"[('Eggs', 8), ('Coffee', 6), ('Cereal', 8)]",389.0,-37.8243103,144.9900156,0,9.57,12.3854566
ORDA05822,2018-07-26,14:45:38,Lunch,BK,"[('Salad', 3), ('Steak', 2), ('Fries', 5), ('Chicken', 2)]",265.6,-37.8166644,144.964952,0,7.699,13.3610248
ORDY03928,2018-07-26,14:45:38,Lunch,TP,"[('Steak', 5), ('Burger', 6)]",411.0,-37.8164821,144.9648943,0,7.851,11.1628343
ORDA05945,2018-12-31,20:00:00,Dinner,BK,"[('Salmon', 10), ('Pasta', 8), ('Shrimp', 4)]",846.0,-37.8032079,145.0079329,0,5.435,12.0788114
ORDC09610,2018-10-06,17:07:36,Dinner,NS,"[('Fish&Chips', 5), ('Shrimp', 2), ('Pasta', 4)]",393.0,-37.8260278,144.9845142,0,9.578,17.3783569
ORDX10477,2018-08-06,15:05:54,Lunch,BK,"[('Steak', 3), ('Burger', 7), ('Salad', 4), ('Fries', 10)]",540.8,-37.8231336,144.9703906,0,7.938,13.5550216
ORDY10681,2018-10-06,17:07:36,Dinner,TP,"[('Fish&Chips', 10), ('Shrimp', 10)]",890.0,-37.809459,144.9638306,0,8.677,14.7153177
ORDY00015,2018-08-12,15:26:11,Lunch,TP,"[('Fries', 7), ('Steak', 7), ('Burger', 10), ('Chicken', 5)]",869.0,-37.8142217,144.9370471,0,10.781,15.7657857
ORDC08387,2018-06-04,13:04:13,Lunch,NS,"[('Fries', 9), ('Burger', 3), ('Steak', 3)]",336.0,-37.8207167,144.9707771,0,8.787,14.0414823
ORDC06273,2018-09-05,16:06:45,Dinner,NS,"[('Pasta', 5), ('Shrimp', 10), ('Fish&Chips', 9), ('Salmon', 9)]",1361.5,-37.8149362,144.9273511,0,10.813,16.8961522
ORDB10659,2018-04-20,11:32:57,Breakfast,TP,"[('Eggs', 7), ('Coffee', 10), ('Cereal', 6), ('Pancake', 10)]",597.5,-37.8188999,144.9527972,0,8.576,11.1615921
ORDX04933,2018-10-24,17:48:10,Dinner,BK,"[('Shrimp', 10), ('Fish&Chips', 4), ('Pasta', 5), ('Salmon', 7)]",1104.5,-37.8112054,144.9619207,0,7.749,13.7121415
ORDB06289,2018-05-05,12:03:22,Lunch,TP,"[('Fries', 3), ('Chicken', 4), ('Steak', 3), ('Salad', 7), ('Burger', 3)]",512.4,-37.8116631,145.0098376,0,11.912,16.0667739
ORDJ01533,2018-10-17,17:38:01,Dinner,TP,"[('Pasta', 9), ('Shrimp', 7), ('Salmon', 6)]",871.5,-37.8019411,144.9487068,0,10.141,14.2550039
ORDC10048,2018-01-14,08:20:16,Breakfast,NS,"[('Eggs', 7), ('Pancake', 1)]",178.25,-37.8088627,144.971177,1,7.17,6.9264917
ORDB03283,2018-12-09,19:19:26,Dinner,TP,"[('Pasta', 3), ('Fish&Chips', 4)]",222.5,-37.8239999,144.9537655,0,8.174,14.3202369
ORDK07852,2018-06-19,13:34:38,Lunch,BK,"[('Salad', 3), ('Burger', 4), ('Fries', 2)]",199.6,-37.8049443,144.9733423,0,6.844,12.4017232
ORDX03265,2018-03-13,10:21:58,Breakfast,TP,"[('Pancake', 1), ('Cereal', 7)]",171.25,-37.8198468,144.9670168,0,7.439,12.8873924
ORDA00202,2018-10-30,17:58:18,Dinner,NS,"[('Salmon', 8), ('Shrimp', 2), ('Fish&Chips', 1)]",471.0,-37.8016529,144.957383,0,7.457,14.9337184
ORDK03363,2018-11-13,18:28:43,Dinner,BK,"[('Pasta', 10), ('Salmon', 10), ('Shrimp', 7), ('Fish&Chips', 2)]",1133.0,-37.8215407,144.9449527,0,9.559,16.6262764
ORDB10132,2018-09-07,16:16:54,Dinner,TP,"[('Fish&Chips', 5), ('Pasta', 5), ('Shrimp', 7)]",690.5,-37.820534,144.9772392,0,8.718,12.7821273
ORDK03616,2018-05-18,12:33:48,Lunch,BK,"[('Steak', 4), ('Burger', 6)]",366.0,-37.8023453,145.0048161,0,5.35,11.2363499
ORDA02024,2018-10-12,17:27:53,Dinner,BK,"[('Pasta', 7), ('Fish&Chips', 9)]",507.5,-37.8180999,144.9694137,0,7.599,14.7211992
ORDZ10384,2018-05-28,12:54:05,Lunch,NS,"[('Chicken', 7), ('Burger', 1), ('Steak', 3)]",390.0,-37.8087706,144.9541424,0,8.228,13.5844063
ORDJ06611,2018-10-15,17:27:53,Dinner,TP,"[('Salmon', 2), ('Fish&Chips', 9), ('Pasta', 8), ('Shrimp', 6)]",941.0,-37.8252268,144.9939837,0,9.68,14.0479046
ORDI00879,2018-06-26,13:44:47,Lunch,NS,"[('Steak', 7), ('Salad', 5), ('Burger', 4)]",525.0,-37.8111243,145.0017881,0,9.648,15.0218311
ORDI04466,2018-01-22,08:40:33,Breakfast,NS,"[('Pancake', 9), ('Coffee', 5)]",255.75,-37.8102304,144.9305611,0,10.677,15.5909288
ORDK01676,2018-03-16,10:21:58,Breakfast,BK,"[('Eggs', 2), ('Pancake', 2)]",92.5,-37.8011582,144.9576924,0,8.326,13.2787894
ORDY04790,2018-06-21,13:34:38,Lunch,TP,"[('Burger', 6), ('Salad', 4), ('Chicken', 4)]",382.8,-37.7998656,145.0027997,0,12.348,15.2059504
ORDK09552,2018-12-26,19:49:51,Dinner,BK,"[('Pasta', 7), ('Salmon', 2), ('Shrimp', 1)]",328.5,-37.8032365,144.9634257,0,7.713,14.2410622
ORDB01410,2018-11-08,18:18:35,Dinner,TP,"[('Shrimp', 5), ('Fish&Chips', 9), ('Pasta', 10), ('Salmon', 6)]",1106.0,-37.7998482,144.9836059,0,10.693,14.3600391
ORDZ01960,2018-06-02,13:04:13,Lunch,NS,"[('Fries', 1), ('Chicken', 6), ('Salad', 7), ('Steak', 10), ('Burger', 3)]",867.4,-37.8183066,144.9648413,0,8.523,16.0530892
ORDK04866,2018-08-02,15:05:54,Lunch,BK,"[('Salad', 7), ('Chicken', 7), ('Fries', 2), ('Steak', 6)]",638.4,-37.8130736,144.9858413,0,5.652,10.4537877
ORDY08247,2018-12-30,20:00:00,Dinner,TP,"[('Salmon', 7), ('Fish&Chips', 1), ('Pasta', 2), ('Shrimp', 3)]",539.0,-37.8049802,144.9249672,0,11.606,16.9121969
ORDY05094,2018-09-02,16:06:45,Dinner,TP,"[('Shrimp', 9), ('Fish&Chips', 6)]",696.0,-37.8100335,144.93596,0,10.548,16.0489467
ORDI08100,2018-08-03,15:05:54,Lunch,NS,"[('Steak', 7), ('Chicken', 2), ('Burger', 1), ('Salad', 4), ('Fries', 6)]",550.8,-37.8140369,144.9854805,0,8.632,14.0646829
ORDB10719,2018-04-14,11:22:49,Breakfast,TP,"[('Eggs', 1), ('Pancake', 10), ('Cereal', 10)]",474.5,-37.8179881,144.9940972,0,10.059,13.9280278
ORDX08855,2018-05-15,12:23:39,Lunch,BK,"[('Salad', 2), ('Steak', 9), ('Burger', 7), ('Chicken', 3), ('Fries', 4)]",800.4,-37.8200143,144.9590617,0,8.219,13.8450488
ORDC04470,2018-05-21,12:33:48,Lunch,NS,"[('Salad', 6), ('Fries', 9), ('Burger', 8), ('Chicken', 1)]",491.2,-37.8058148,144.9581765,0,7.767,13.3455266
ORDI07922,2018-08-06,15:05:54,Lunch,NS,"[('Fries', 1), ('Steak', 9)]",417.0,-37.8131548,144.9683603,0,7.668,13.1955462
ORDX08848,2018-11-17,18:38:52,Dinner,BK,"[('Pasta', 1), ('Fish&Chips', 6), ('Shrimp', 1)]",291.5,-37.8019749,144.9661071,0,7.679,17.4312459
ORDZ04491,2018-01-15,08:20:16,Breakfast,NS,"[('Cereal', 7), ('Eggs', 4)]",235.0,-37.815102,144.9230496,1,11.071,8.0309185
ORDA00092,2018-06-08,13:14:21,Lunch,BK,"[('Steak', 1), ('Burger', 9), ('Chicken', 3)]",420.0,-37.8048323,144.9502409,0,8.626,14.1770944
ORDK03631,2018-11-07,18:18:35,Dinner,BK,"[('Pasta', 8), ('Shrimp', 5), ('Fish&Chips', 7)]",735.0,-37.8121351,144.9623412,0,7.645,14.8415817
ORDB10190,2018-10-08,17:17:44,Dinner,TP,"[('Fish&Chips', 2), ('Salmon', 2)]",152.0,-37.8136573,144.9572853,0,8.419,13.0881046
ORDI07575,2018-08-17,15:36:20,Lunch,NS,"[('Fries', 8), ('Chicken', 1), ('Burger', 1), ('Salad', 4)]",227.8,-37.8246536,144.9547414,0,10.388,16.4244794
ORDY10687,2018-11-22,18:49:00,Dinner,TP,"[('Pasta', 4), ('Fish&Chips', 2), ('Shrimp', 2), ('Salmon', 4)]",452.0,-37.8210808,144.983917,0,9.018,13.1741026
ORDX03700,2018-01-15,08:20:16,Breakfast,BK,"[('Pancake', 5), ('Coffee', 8)]",181.25,-37.8177004,144.9747351,1,7.147,6.5796993
ORDB02559,2018-06-18,13:34:38,Lunch,NS,"[('Fries', 7), ('Steak', 5), ('Salad', 10), ('Chicken', 7), ('Burger', 5)]",860.0,-37.8104326,144.9242474,0,10.515,14.7646563
ORDY01354,2018-05-27,12:43:56,Lunch,TP,"[('Fries', 6), ('Steak', 1), ('Salad', 10)]",289.0,-37.8211419,145.0153879,0,12.055,16.6233011
ORDJ07298,2018-08-02,15:05:54,Lunch,TP,"[('Salad', 4), ('Chicken', 9), ('Fries', 9), ('Steak', 1), ('Burger', 1)]",540.8,-37.8107093,144.9690067,0,8.779,11.8113732
ORDI05449,2018-06-12,13:24:30,Lunch,NS,"[('Burger', 7), ('Fries', 5), ('Salad', 8), ('Steak', 5)]",639.6,-37.8063138,144.9473567,0,8.726,14.0394518
ORDX00791,2018-02-10,09:10:59,Breakfast,BK,"[('Pancake', 9), ('Eggs', 4)]",306.25,-37.8064308,144.9595923,0,7.749,14.9983611
ORDY09057,2018-05-02,12:03:22,Lunch,TP,"[('Burger', 1), ('Steak', 10), ('Fries', 9), ('Salad', 5), ('Chicken', 4)]",803.0,-37.8069546,144.9652455,0,9.077,12.4707146
ORDZ04213,2018-11-21,18:38:52,Dinner,BK,"[('Pasta', 10), ('Fish&Chips', 10), ('Shrimp', 5), ('Salmon', 10)]",1305.0,-37.8134576,144.9354636,0,10.267,16.0664603
ORDY07978,2018-06-29,13:54:55,Lunch,TP,"[('Salad', 7), ('Steak', 1), ('Burger', 5), ('Chicken', 2)]",384.4,-37.8216312,144.9838567,0,9.016,12.382769
ORDB09841,2018-09-19,16:37:10,Dinner,TP,"[('Fish&Chips', 1), ('Salmon', 10), ('Pasta', 10), ('Shrimp', 2)]",828.0,-37.8223915,144.9525534,0,8.504,12.9838014
ORDX07052,2018-03-18,10:32:06,Breakfast,BK,"[('Cereal', 8), ('Pancake', 7), ('Coffee', 9), ('Eggs', 1)]",427.25,-37.8074687,144.9708683,0,6.733,14.0222182
ORDJ00688,2018-06-03,13:04:13,Lunch,TP,"[('Salad', 2), ('Chicken', 3), ('Fries', 1), ('Burger', 9), ('Steak', 6)]",691.4,-37.816446,144.9710005,0,8.071,13.3648209
ORDJ07916,2018-08-22,15:46:28,Lunch,BK,"[('Fries', 9), ('Burger', 4), ('Chicken', 5), ('Salad', 2), ('Steak', 1)]",471.4,-37.8147599,144.9485027,0,9.295,12.2208815
ORDI00195,2018-09-19,16:37:10,Dinner,BK,"[('Shrimp', 8), ('Salmon', 9), ('Pasta', 1), ('Fish&Chips', 4)]",968.5,-37.7987935,144.9827307,0,6.691,13.3601397
ORDK02526,2018-08-10,15:16:03,Lunch,BK,"[('Chicken', 3), ('Burger', 1), ('Salad', 5), ('Fries', 3)]",249.0,-37.8177321,144.9511468,0,9.115,15.2632351
ORDB09513,2018-08-16,15:26:11,Lunch,TP,"[('Steak', 1), ('Salad', 7), ('Fries', 4), ('Burger', 10), ('Chicken', 1)]",555.4,-37.8172506,144.9553735,0,8.393,11.6170557
ORDI06205,2018-02-13,09:21:07,Breakfast,NS,"[('Cereal', 5), ('Eggs', 7), ('Pancake', 5), ('Coffee', 2)]",395.25,-37.8113572,144.9760966,0,7.711,12.6737687
ORDX07927,2018-12-30,20:00:00,Dinner,BK,"[('Pasta', 8), ('Salmon', 5)]",425.0,-37.7985859,145.0066298,0,5.096,14.6243456
ORDC09561,2018-12-07,19:19:26,Dinner,NS,"[('Pasta', 9), ('Salmon', 5), ('Fish&Chips', 9), ('Shrimp', 7)]",1145.5,-37.8184191,144.966193,0,8.517,14.554529
ORDB02262,2018-09-10,16:16:54,Dinner,BK,"[('Fish&Chips', 7), ('Salmon', 10)]",655.0,-37.8045071,144.9269774,0,10.802,15.7090873
ORDZ01066,2018-12-02,19:09:17,Dinner,NS,"[('Fish&Chips', 10), ('Salmon', 6), ('Pasta', 7), ('Shrimp', 6)]",1112.5,-37.8209197,144.9578977,0,9.248,17.2289658
ORDJ03088,2018-10-17,17:38:01,Dinner,TP,"[('Pasta', 2), ('Shrimp', 4)]",271.0,-37.8233693,144.9700652,0,7.987,12.4417663
ORDK01793,2018-03-08,10:11:49,Breakfast,NS,"[('Pancake', 10), ('Eggs', 6)]",374.5,-37.818749,144.9838262,0,9.006,11.3539926
ORDI04267,2018-05-18,12:33:48,Lunch,NS,"[('Steak', 7), ('Salad', 9)]",469.8,-37.8148102,144.9572762,0,8.45,13.3977771
ORDX02310,2018-12-22,19:49:51,Dinner,BK,"[('Shrimp', 7), ('Pasta', 2)]",433.0,-37.8032395,144.9360974,0,10.577,20.0885715
ORDC07861,2018-10-18,17:38:01,Dinner,NS,"[('Salmon', 2), ('Fish&Chips', 1), ('Shrimp', 5), ('Pasta', 10)]",662.0,-37.8091115,144.9692942,0,7.059,12.8293326
ORDY11006,2018-11-06,18:18:35,Dinner,TP,"[('Shrimp', 3), ('Pasta', 5)]",299.5,-37.8124336,144.9621758,0,8.245,12.6465812
ORDK02191,2018-06-30,13:54:55,Lunch,BK,"[('Fries', 7), ('Steak', 4), ('Salad', 1), ('Chicken', 6), ('Burger', 6)]",659.2,-37.8170884,144.9851417,0,6.102,14.4130299
ORDB00603,2018-01-08,08:10:08,Breakfast,TP,"[('Pancake', 6), ('Cereal', 1), ('Eggs', 10), ('Coffee', 2)]",401.5,-37.8138355,144.9372356,1,10.462,6.1485042
ORDJ04446,2018-09-16,16:37:10,Dinner,TP,"[('Pasta', 5), ('Salmon', 10), ('Shrimp', 3)]",709.5,-37.8170501,144.9615839,0,7.975,13.5284117
ORDI08235,2018-11-07,18:18:35,Dinner,NS,"[('Fish&Chips', 3), ('Pasta', 1), ('Shrimp', 2), ('Salmon', 8)]",568.5,-37.8143062,144.9633537,0,8.082,14.0382307
ORDY10473,2018-09-28,16:57:27,Dinner,TP,"[('Pasta', 1), ('Salmon', 3)]",150.5,-37.8063079,144.9498941,0,9.546,13.9098307
ORDX05818,2018-12-03,19:09:17,Dinner,BK,"[('Shrimp', 6), ('Pasta', 9), ('Salmon', 5), ('Fish&Chips', 4)]",916.5,-37.816841,144.9614875,0,8.008,14.8082909
ORDX03659,2018-07-07,14:15:12,Lunch,BK,"[('Fries', 9), ('Steak', 2)]",198.0,-37.8024056,144.9348884,0,10.574,19.1584908
ORDI10930,2018-10-31,17:58:18,Dinner,NS,"[('Salmon', 3), ('Fish&Chips', 10), ('Shrimp', 3)]",635.0,-37.8073211,144.9733902,0,7.026,13.3897
ORDZ02624,2018-05-30,12:54:05,Lunch,NS,"[('Burger', 3), ('Fries', 1), ('Salad', 1), ('Steak', 7), ('Chicken', 3)]",533.2,-37.8168386,144.989889,0,9.197,14.0750432
ORDZ05186,2018-07-16,14:25:21,Lunch,NS,"[('Chicken', 1), ('Burger', 1), ('Fries', 1)]",75.0,-37.8057283,144.9550903,0,8.02,13.6432389
ORDB07424,2018-09-08,16:16:54,Dinner,TP,"[('Fish&Chips', 3), ('Shrimp', 5), ('Salmon', 10)]",785.0,-37.819495,144.9616509,0,7.945,13.7198383
ORDI02286,2018-07-03,14:05:04,Lunch,NS,"[('Fries', 7), ('Burger', 7)]",301.0,-37.8097533,144.963887,0,7.431,12.8386434
ORDY03148,2018-11-15,18:28:43,Dinner,TP,"[('Salmon', 3), ('Fish&Chips', 2), ('Shrimp', 2)]",301.0,-37.8199366,144.9849822,0,9.231,13.2663119
ORDX07680,2018-10-22,17:48:10,Dinner,BK,"[('Fish&Chips', 8), ('Salmon', 7), ('Shrimp', 1), ('Pasta', 3)]",703.5,-37.8207529,144.9669809,0,7.911,14.4991755
ORDI04959,2018-08-18,15:36:20,Lunch,NS,"[('Chicken', 10), ('Fries', 6), ('Burger', 2)]",454.0,-37.8091642,144.9691215,0,7.073,14.2821539
ORDK04800,2018-10-18,17:38:01,Dinner,NS,"[('Shrimp', 4), ('Fish&Chips', 1), ('Salmon', 9), ('Pasta', 5)]",757.5,-37.8022545,144.9493479,0,8.216,16.1265797
ORDC03395,2018-09-28,16:57:27,Dinner,NS,"[('Pasta', 8), ('Salmon', 10), ('Shrimp', 2), ('Fish&Chips', 5)]",913.0,-37.8086451,144.9453811,0,9.021,14.2035039
ORDB01964,2018-09-13,16:27:02,Dinner,TP,"[('Salmon', 1), ('Pasta', 1)]",68.5,-37.8045416,144.9194029,0,12.082,15.805917
ORDC09259,2018-02-02,09:00:50,Breakfast,NS,"[('Eggs', 4), ('Cereal', 7), ('Pancake', 9)]",453.25,-37.80602,144.9561465,0,7.946,12.9853016
ORDX06721,2018-03-09,10:11:49,Breakfast,BK,"[('Cereal', 4), ('Eggs', 8), ('Pancake', 6)]",405.5,-37.8074069,144.9628081,0,7.459,12.5134988
ORDB08739,2018-11-24,18:49:00,Dinner,TP,"[('Shrimp', 2), ('Pasta', 1), ('Salmon', 7)]",422.5,-37.8136159,144.9401528,0,10.121,15.3159808
ORDC10594,2018-11-14,18:28:43,Dinner,NS,"[('Fish&Chips', 4), ('Pasta', 10), ('Shrimp', 1)]",469.0,-37.8157743,145.0135759,0,11.052,17.3905238
ORDZ03652,2018-10-20,17:38:01,Dinner,NS,"[('Fish&Chips', 9), ('Pasta', 5), ('Shrimp', 2)]",560.5,-37.8078996,144.9919304,0,8.526,16.5103567
ORDJ05112,2018-05-06,12:03:22,Lunch,TP,"[('Fries', 4), ('Chicken', 10), ('Salad', 2)]",402.4,-37.8084185,144.9234256,0,11.665,16.4564426
ORDY00129,2018-06-09,13:14:21,Lunch,TP,"[('Steak', 9), ('Fries', 1)]",417.0,-37.8051732,145.0149943,0,12.972,17.1292411
ORDC07294,2018-10-05,17:07:36,Dinner,NS,"[('Pasta', 7), ('Fish&Chips', 5), ('Salmon', 9)]",736.5,-37.8110829,144.9588361,0,7.895,13.690076
ORDX03709,2018-06-18,13:34:38,Lunch,BK,"[('Fries', 7), ('Salad', 5)]",170.0,-37.8230405,145.0071465,0,4.633,10.1995902
ORDA00146,2018-11-23,18:49:00,Dinner,BK,"[('Pasta', 3), ('Fish&Chips', 2), ('Salmon', 4)]",316.5,-37.8220154,144.9597724,0,9.454,16.363076
ORDZ02977,2018-05-10,12:13:31,Lunch,NS,"[('Salad', 6), ('Fries', 6), ('Chicken', 3), ('Steak', 6), ('Burger', 4)]",665.2,-37.8004558,144.9901827,0,8.034,13.5673526
ORDI07169,2018-02-22,09:41:24,Breakfast,NS,"[('Cereal', 3), ('Pancake', 7), ('Coffee', 1), ('Eggs', 2)]",284.25,-37.8084097,144.9567031,0,7.998,12.8196531
ORDB03029,2018-07-08,14:15:12,Lunch,TP,"[('Steak', 2), ('Fries', 6), ('Chicken', 3)]",258.0,-37.8135733,144.9502382,0,9.175,14.0757104
ORDC03590,2018-12-09,19:19:26,Dinner,TP,"[('Pasta', 8), ('Salmon', 9), ('Fish&Chips', 7)]",834.0,-37.8106471,144.9449283,0,9.706,17.0539602
ORDY02235,2018-05-22,12:33:48,Lunch,TP,"[('Fries', 6), ('Steak', 1), ('Chicken', 8)]",373.0,-37.8254721,144.9531489,0,8.33,12.0141553
ORDC08088,2018-05-07,12:13:31,Lunch,TP,"[('Salad', 3), ('Burger', 9), ('Steak', 2)]",420.6,-37.8142011,144.9609802,0,8.368,13.3153562
ORDZ05102,2018-10-05,17:07:36,Dinner,NS,"[('Salmon', 10), ('Fish&Chips', 5), ('Shrimp', 5), ('Pasta', 1)]",882.5,-37.8084651,144.9558133,0,8.055,14.0386058
ORDZ10617,2018-07-04,14:05:04,Lunch,NS,"[('Burger', 5), ('Fries', 4)]",203.0,-37.8042115,145.002375,0,9.298,14.871606
ORDA05737,2018-01-23,08:40:33,Breakfast,BK,"[('Cereal', 4), ('Eggs', 1)]",106.0,-37.8189955,144.9541445,0,8.699,13.617509
ORDY09690,2018-06-09,13:14:21,Lunch,TP,"[('Chicken', 1), ('Salad', 7)]",152.4,-37.8019746,145.0112368,0,12.577,17.1129548
ORDX09028,2018-12-16,19:29:34,Dinner,BK,"[('Salmon', 10), ('Fish&Chips', 4), ('Shrimp', 5), ('Pasta', 10)]",1095.0,-37.8135186,144.9656215,0,7.494,17.4931695
ORDA08377,2018-12-15,19:29:34,Dinner,BK,"[('Salmon', 7), ('Pasta', 3), ('Shrimp', 7)]",747.5,-37.823966,144.9437262,0,9.896,19.2535713
ORDI03703,2018-04-24,11:43:05,Breakfast,NS,"[('Eggs', 6), ('Cereal', 1)]",153.0,-37.8192708,144.9527513,0,9.303,15.0112825
ORDX08959,2018-07-14,14:25:21,Lunch,BK,"[('Steak', 7), ('Chicken', 4)]",443.0,-37.8188237,145.0023458,0,4.665,13.3443628
ORDC10855,2018-07-14,14:25:21,Lunch,NS,"[('Steak', 4), ('Burger', 5), ('Chicken', 8), ('Fries', 9), ('Salad', 1)]",716.2,-37.8174025,145.0044285,0,10.447,18.5928291
ORDB00553,2018-03-22,10:32:06,Breakfast,TP,"[('Cereal', 4), ('Coffee', 7), ('Eggs', 1), ('Pancake', 10)]",401.0,-37.8187434,144.9625917,0,7.766,10.9390002
ORDK05217,2018-08-27,15:56:37,Lunch,BK,"[('Fries', 5), ('Steak', 4)]",240.0,-37.8169424,144.9532084,0,8.667,14.0871783
ORDC06843,2018-03-08,10:11:49,Breakfast,NS,"[('Cereal', 10), ('Coffee', 9)]",277.5,-37.8186886,144.9839778,0,8.972,14.3269218
ORDZ10693,2018-06-06,13:04:13,Lunch,NS,"[('Steak', 8), ('Burger', 8), ('Salad', 2)]",642.4,-37.7998872,144.9878732,0,7.859,13.0896112
ORDY02564,2018-03-16,10:21:58,Breakfast,TP,"[('Cereal', 4), ('Pancake', 8), ('Eggs', 5), ('Coffee', 8)]",448.0,-37.8065238,144.9416147,0,10.257,12.9875024
ORDY03925,2018-10-15,17:27:53,Dinner,TP,"[('Salmon', 8), ('Shrimp', 3), ('Pasta', 8), ('Fish&Chips', 4)]",850.0,-37.8142986,144.9952762,0,10.5,14.2959773
ORDI07532,2018-11-20,18:38:52,Dinner,NS,"[('Fish&Chips', 7), ('Salmon', 4), ('Pasta', 2), ('Shrimp', 4)]",680.0,-37.8211747,145.0154495,0,11.599,17.2086832
ORDB03238,2018-12-11,19:19:26,Dinner,TP,"[('Shrimp', 2), ('Salmon', 8), ('Fish&Chips', 7), ('Pasta', 9)]",928.5,-37.8225585,144.9501314,0,8.647,12.4815425
ORDK09136,2018-07-13,14:25:21,Lunch,BK,"[('Chicken', 6), ('Salad', 3), ('Steak', 8), ('Fries', 1), ('Burger', 5)]",770.6,-37.8175697,145.0052208,0,4.271,10.1436179
ORDY08337,2018-01-21,08:40:33,Breakfast,TP,"[('Cereal', 7), ('Pancake', 5), ('Eggs', 5), ('Coffee', 6)]",423.25,-37.8034467,144.9672454,0,9.706,13.615336
ORDX00873,2018-10-01,17:07:36,Dinner,BK,"[('Fish&Chips', 9), ('Salmon', 2), ('Shrimp', 1)]",451.0,-37.826362,144.9855522,0,6.768,14.2725907
ORDA05674,2018-07-11,14:15:12,Lunch,BK,"[('Fries', 5), ('Steak', 5), ('Burger', 1), ('Chicken', 2)]",380.0,-37.8050873,144.959954,0,7.717,13.9707789
ORDX09032,2018-06-23,13:44:47,Lunch,BK,"[('Salad', 2), ('Fries', 7), ('Chicken', 4)]",246.4,-37.8184142,144.9739181,0,7.194,15.672863
ORDC09529,2018-05-24,12:43:56,Lunch,NS,"[('Fries', 2), ('Chicken', 8), ('Steak', 7), ('Burger', 9)]",874.0,-37.8119969,144.9415189,0,9.466,15.0505211
ORDA10008,2018-01-02,08:00:00,Breakfast,BK,"[('Coffee', 8), ('Pancake', 4)]",157.0,-37.8271878,144.9940192,1,7.087,5.6462219
ORDX07554,2018-06-24,13:44:47,Lunch,BK,"[('Salad', 9), ('Chicken', 3), ('Fries', 3), ('Steak', 4), ('Burger', 2)]",528.8,-37.8248949,144.9828503,0,7.103,15.2007884
ORDJ06314,2018-07-06,14:05:04,Lunch,TP,"[('Salad', 1), ('Fries', 4), ('Steak', 7), ('Chicken', 3), ('Burger', 1)]",507.2,-37.7988848,144.9688795,0,10.1,12.8146657
ORDX06696,2018-03-10,10:11:49,Breakfast,BK,"[('Pancake', 1), ('Coffee', 9), ('Cereal', 4), ('Eggs', 8)]",351.75,-37.8195969,144.9447959,0,9.568,16.842726
ORDX02178,2018-07-15,14:25:21,Lunch,BK,"[('Steak', 3), ('Chicken', 4), ('Salad', 3), ('Burger', 6)]",500.6,-37.8048339,144.9661502,0,7.315,15.6616083
ORDA05420,2018-11-18,18:38:52,Dinner,BK,"[('Pasta', 4), ('Shrimp', 10), ('Salmon', 3)]",773.0,-37.8226651,145.0152877,0,4.685,14.4255233
ORDZ06104,2018-11-17,18:38:52,Dinner,NS,"[('Salmon', 7), ('Shrimp', 2), ('Fish&Chips', 9), ('Pasta', 6)]",875.0,-37.812987,144.9649265,0,7.81,15.9758639
ORDB00090,2018-02-06,09:10:59,Breakfast,TP,"[('Coffee', 4), ('Cereal', 5)]",135.0,-37.8073017,144.9555157,0,9.181,11.5384037
ORDB07558,2018-04-30,11:53:14,Breakfast,TP,"[('Eggs', 7), ('Coffee', 5), ('Pancake', 10)]",434.0,-37.8007455,144.9568467,0,9.654,12.1981787
ORDK02637,2018-03-14,10:21:58,Breakfast,BK,"[('Eggs', 10), ('Coffee', 10), ('Cereal', 2), ('Pancake', 6)]",482.5,-37.8130316,144.9514686,0,8.554,13.4298022
ORDC07847,2018-01-07,08:10:08,Breakfast,NS,"[('Pancake', 2), ('Coffee', 6), ('Cereal', 2)]",135.5,-37.8123062,144.9375217,1,10.17,8.1815308
ORDI01543,2018-11-15,18:28:43,Dinner,NS,"[('Fish&Chips', 2), ('Salmon', 9)]",439.0,-37.8099203,144.9784012,0,7.716,14.0103723
ORDK07925,2018-10-01,16:57:27,Dinner,BK,"[('Pasta', 7), ('Shrimp', 6)]",516.5,-37.8190658,144.9466291,0,9.394,16.1173781
ORDK05138,2018-04-23,11:43:05,Breakfast,BK,"[('Pancake', 10), ('Eggs', 5), ('Coffee', 2), ('Cereal', 1)]",388.5,-37.8188716,144.9534479,0,8.795,13.3705491
ORDI05930,2018-08-22,15:46:28,Lunch,NS,"[('Steak', 5), ('Fries', 5), ('Chicken', 5)]",445.0,-37.8217488,144.9368226,0,10.446,15.7477277
ORDK08467,2018-11-12,18:28:43,Dinner,BK,"[('Fish&Chips', 10), ('Shrimp', 5), ('Pasta', 10)]",895.0,-37.8156236,144.9581195,0,8.206,14.6682198
ORDK10371,2018-06-20,13:34:38,Lunch,BK,"[('Steak', 2), ('Fries', 10), ('Salad', 10)]",382.0,-37.8041632,144.9490836,0,8.799,14.6000659
ORDY05149,2018-12-10,19:19:26,Dinner,TP,"[('Fish&Chips', 3), ('Salmon', 8), ('Shrimp', 6), ('Pasta', 3)]",839.5,-37.8117262,145.012671,0,12.143,15.572745
ORDC06708,2018-10-27,17:58:18,Dinner,NS,"[('Pasta', 10), ('Fish&Chips', 3), ('Shrimp', 3)]",542.0,-37.8158734,144.9996785,0,9.91,17.9568538
ORDK09818,2018-08-28,15:56:37,Lunch,BK,"[('Fries', 5), ('Steak', 5)]",285.0,-37.8141649,144.9497383,0,10.484,16.5737492
ORDC00913,2018-03-17,10:21:58,Breakfast,BK,"[('Cereal', 9), ('Eggs', 4)]",277.0,-37.8077086,144.9713827,0,6.675,14.233777
ORDY04757,2018-12-01,18:59:09,Dinner,TP,"[('Shrimp', 5), ('Fish&Chips', 10), ('Salmon', 2)]",702.0,-37.7991331,145.003862,0,12.487,17.7708918
ORDX07832,2018-02-06,09:10:59,Breakfast,BK,"[('Coffee', 3), ('Eggs', 5), ('Pancake', 10), ('Cereal', 2)]",417.0,-37.8222465,144.9366965,0,10.519,15.2082588
ORDC04787,2018-05-07,12:03:22,Lunch,NS,"[('Salad', 7), ('Burger', 9)]",399.4,-37.8008187,144.948584,0,8.158,13.4591127
ORDJ08168,2018-12-10,19:19:26,Dinner,TP,"[('Pasta', 4), ('Salmon', 2), ('Fish&Chips', 4), ('Shrimp', 3)]",494.0,-37.8095573,144.972643,0,9.112,13.5797662
ORDZ09829,2018-05-09,12:13:31,Lunch,NS,"[('Fries', 5), ('Steak', 1), ('Burger', 9)]",384.0,-37.8004564,144.9640381,0,6.681,11.5073504
ORDY09228,2018-05-09,12:13:31,Lunch,TP,"[('Salad', 9), ('Fries', 4)]",202.8,-37.8165661,144.9628263,0,7.89,11.6698977
ORDI03700,2018-08-05,15:05:54,Lunch,NS,"[('Steak', 2), ('Salad', 2)]",124.4,-37.8164523,144.949172,0,9.324,16.2233471
ORDK06137,2018-03-27,10:42:15,Breakfast,BK,"[('Eggs', 6), ('Coffee', 7), ('Pancake', 10)]",427.0,-37.8171722,144.9860587,0,6.037,11.3504626
ORDA06635,2018-06-23,13:44:47,Lunch,BK,"[('Salad', 7), ('Burger', 6)]",306.4,-37.7993985,144.9997805,0,5.387,13.8195637
ORDI07850,2018-02-28,09:51:32,Breakfast,NS,"[('Coffee', 2), ('Eggs', 3)]",81.0,-37.8197631,144.9989418,0,10.177,15.2242478
ORDB01866,2018-01-22,08:40:33,Breakfast,TP,"[('Coffee', 2), ('Eggs', 7), ('Pancake', 5), ('Cereal', 4)]",374.25,-37.8027963,144.9749412,0,9.903,12.2972406
ORDJ10830,2018-06-25,13:44:47,Lunch,TP,"[('Chicken', 4), ('Salad', 8), ('Fries', 7)]",349.6,-37.8241958,144.9840063,0,8.986,12.2224031
ORDZ00850,2018-06-09,13:14:21,Lunch,NS,"[('Burger', 8), ('Fries', 2), ('Steak', 2), ('Salad', 9), ('Chicken', 6)]",708.8,-37.8051732,145.0149943,0,10.42,17.9131361
ORDK10655,2018-07-06,14:05:04,Lunch,BK,"[('Burger', 10), ('Salad', 10)]",482.0,-37.8204822,144.9948056,0,5.512,11.8070645
ORDY07792,2018-10-10,17:17:44,Dinner,TP,"[('Salmon', 5), ('Pasta', 3), ('Fish&Chips', 8), ('Shrimp', 2)]",675.5,-37.8127237,144.951813,0,9.169,13.3278947
ORDJ08489,2018-05-13,12:23:39,Lunch,TP,"[('Salad', 1), ('Burger', 3), ('Fries', 6), ('Chicken', 7), ('Steak', 3)]",541.2,-37.7997655,144.9595308,0,10.012,14.968296
ORDY06457,2018-05-01,11:53:14,Breakfast,TP,"[('Eggs', 8), ('Cereal', 8), ('Coffee', 3), ('Pancake', 9)]",584.75,-37.8086645,144.9507317,0,9.382,11.4474714
ORDX07423,2018-06-14,13:24:30,Lunch,BK,"[('Fries', 1), ('Salad', 8), ('Steak', 2), ('Chicken', 5)]",399.6,-37.8225768,144.9719802,0,7.775,13.0838543
ORDX07527,2018-06-01,12:54:05,Lunch,BK,"[('Burger', 10), ('Chicken', 1), ('Steak', 1), ('Salad', 6), ('Fries', 4)]",538.2,-37.8043579,144.9706121,0,7.05,12.1882864
ORDA01915,2018-02-10,09:10:59,Breakfast,BK,"[('Pancake', 2), ('Eggs', 3), ('Coffee', 2)]",129.5,-37.8049554,144.9705524,0,7.116,14.7712159
ORDX10442,2018-09-19,16:37:10,Dinner,BK,"[('Pasta', 9), ('Fish&Chips', 7)]",492.5,-37.8230736,144.976676,0,7.296,14.4477529
ORDC08226,2018-03-30,10:52:23,Breakfast,NS,"[('Pancake', 5), ('Cereal', 4)]",205.25,-37.8010297,144.9567863,0,7.435,12.8093789
ORDA05225,2018-08-02,15:05:54,Lunch,BK,"[('Fries', 5), ('Chicken', 7), ('Salad', 5), ('Burger', 5)]",525.0,-37.8001778,144.9816496,0,6.66,12.8026137
ORDC07591,2018-07-22,14:35:29,Lunch,NS,"[('Burger', 10), ('Chicken', 8), ('Steak', 3), ('Salad', 3)]",752.6,-37.8091806,144.9466706,0,9.003,16.0730914
ORDA01750,2018-04-07,11:12:40,Breakfast,BK,"[('Coffee', 9), ('Cereal', 2), ('Eggs', 4)]",197.5,-37.8173474,145.008734,0,3.937,11.1282365
ORDI01511,2018-04-01,10:52:23,Breakfast,NS,"[('Coffee', 9), ('Eggs', 8)]",243.5,-37.8006458,145.0012261,0,9.074,16.4254328
ORDK03204,2018-11-04,18:08:27,Dinner,BK,"[('Pasta', 4), ('Shrimp', 10), ('Fish&Chips', 3), ('Salmon', 10)]",1165.0,-37.8188646,144.9528002,0,8.864,17.7246264
ORDK09598,2018-05-24,12:43:56,Lunch,BK,"[('Burger', 10), ('Steak', 4)]",490.0,-37.8260642,144.9518976,0,9.226,15.4118573
ORDZ01435,2018-10-20,17:38:01,Dinner,NS,"[('Shrimp', 2), ('Salmon', 5), ('Pasta', 8), ('Fish&Chips', 1)]",568.0,-37.8080677,144.9917146,0,8.536,16.4977567
ORDJ05692,2018-01-08,08:10:08,Breakfast,TP,"[('Cereal', 7), ('Eggs', 8), ('Coffee', 2)]",338.0,-37.8160049,144.9395219,1,10.236,6.6009756
ORDK05874,2018-06-21,13:34:38,Lunch,BK,"[('Salad', 3), ('Burger', 2), ('Fries', 10), ('Steak', 2), ('Chicken', 2)]",387.6,-37.8066144,144.9614616,0,7.57,13.0048257
ORDA00514,2018-02-07,09:10:59,Breakfast,BK,"[('Eggs', 8), ('Coffee', 1)]",183.5,-37.8192749,144.9650298,0,7.791,12.558797
ORDB06365,2018-11-10,18:18:35,Dinner,TP,"[('Fish&Chips', 2), ('Salmon', 4), ('Shrimp', 1), ('Pasta', 1)]",315.5,-37.8231907,144.988835,0,9.257,14.6250453
ORDZ00002,2018-11-17,18:38:52,Dinner,NS,"[('Fish&Chips', 5), ('Salmon', 8), ('Pasta', 3)]",585.5,-37.8160323,145.0058951,0,10.508,18.1349581
ORDX01046,2018-04-23,11:43:05,Breakfast,BK,"[('Eggs', 10), ('Cereal', 7), ('Pancake', 3)]",439.75,-37.8250542,144.9985609,0,5.62,10.1682325
ORDB08777,2018-01-26,08:50:42,Breakfast,TP,"[('Pancake', 3), ('Eggs', 7), ('Coffee', 5), ('Cereal', 7)]",411.25,-37.8106913,144.9364149,0,10.558,13.2361707
ORDB03700,2018-05-25,12:43:56,Lunch,TP,"[('Chicken', 9), ('Burger', 5), ('Salad', 6), ('Fries', 4), ('Steak', 2)]",684.2,-37.8136434,144.9676056,0,8.366,12.468807
ORDA09952,2018-06-30,13:54:55,Lunch,BK,"[('Salad', 7), ('Burger', 7), ('Steak', 1)]",382.4,-37.810713,144.938994,0,9.817,18.4150974
ORDB03478,2018-01-30,08:50:42,Breakfast,TP,"[('Eggs', 2), ('Coffee', 9)]",111.5,-37.8133288,144.9627191,0,8.134,10.4250788
ORDX08554,2018-06-29,13:54:55,Lunch,BK,"[('Steak', 2), ('Burger', 10), ('Chicken', 9), ('Salad', 10)]",860.0,-37.8269626,144.9829125,0,8.242,13.9257928
ORDA08973,2018-01-29,08:50:42,Breakfast,BK,"[('Cereal', 10), ('Eggs', 8), ('Coffee', 4), ('Pancake', 5)]",537.25,-37.817398,144.9600678,0,8.138,12.6657093
ORDJ00296,2018-12-14,19:29:34,Dinner,NS,"[('Fish&Chips', 2), ('Shrimp', 7), ('Pasta', 10)]",723.0,-37.8201575,144.9651789,0,8.776,11.4707325
ORDC09584,2018-10-28,17:58:18,Dinner,NS,"[('Salmon', 4), ('Fish&Chips', 9), ('Shrimp', 3)]",641.0,-37.8214261,144.9918042,0,9.685,18.2869124
ORDY06110,2018-07-24,14:45:38,Lunch,TP,"[('Salad', 1), ('Steak', 8), ('Burger', 5)]",532.2,-37.8112121,144.9477468,0,10.444,13.8597426
ORDX08137,2018-05-07,12:03:22,Lunch,BK,"[('Burger', 3), ('Chicken', 9), ('Fries', 9)]",489.0,-37.8217497,144.9367564,0,10.546,16.6670146
ORDK10738,2018-03-02,09:51:32,Breakfast,BK,"[('Cereal', 4), ('Eggs', 9), ('Pancake', 4)]",379.0,-37.8181423,144.9912599,0,5.681,9.9876798
ORDX03664,2018-04-24,11:43:05,Breakfast,BK,"[('Cereal', 10), ('Pancake', 2)]",258.5,-37.8180715,144.9709101,0,7.341,12.0250214
ORDZ01020,2018-02-03,09:00:50,Breakfast,NS,"[('Eggs', 10), ('Coffee', 9), ('Cereal', 7)]",434.5,-37.8225727,144.9609943,0,9.213,16.1003251
ORDJ06859,2018-08-27,15:46:28,Lunch,TP,"[('Salad', 4), ('Fries', 5), ('Steak', 8), ('Burger', 7)]",705.8,-37.803436,144.9835041,0,10.288,13.5577899
ORDX10889,2018-11-24,18:49:00,Dinner,BK,"[('Salmon', 3), ('Fish&Chips', 1), ('Shrimp', 3)]",320.0,-37.8137147,144.9402116,0,9.679,18.9184918
ORDC05000,2018-05-16,12:23:39,Lunch,NS,"[('Salad', 5), ('Burger', 5), ('Fries', 6)]",313.0,-37.8079477,144.9697767,0,7.53,13.3510386
ORDY04860,2018-10-25,17:48:10,Dinner,TP,"[('Fish&Chips', 8), ('Pasta', 9)]",527.5,-37.8199907,144.9659912,0,7.347,11.8323839
ORDB10749,2018-11-15,18:28:43,Dinner,TP,"[('Fish&Chips', 7), ('Pasta', 7), ('Shrimp', 1)]",491.5,-37.8070811,144.9449001,0,10.087,13.9120683
ORDZ00113,2018-04-16,11:22:49,Breakfast,NS,"[('Pancake', 6), ('Eggs', 8)]",321.5,-37.8102362,144.968798,0,7.242,12.0018531
ORDI03573,2018-09-19,16:37:10,Dinner,NS,"[('Salmon', 1), ('Shrimp', 2), ('Fish&Chips', 4), ('Pasta', 1)]",316.5,-37.8133726,144.9564472,0,8.364,14.9032044
ORDJ04529,2018-12-28,20:00:00,Dinner,TP,"[('Fish&Chips', 9), ('Pasta', 9), ('Shrimp', 6)]",886.5,-37.8149607,144.9594577,0,13.735,17.0576009
ORDC08227,2018-07-01,13:54:55,Lunch,NS,"[('Steak', 4), ('Chicken', 8), ('Burger', 5), ('Salad', 9), ('Fries', 6)]",817.8,-37.8155582,144.9667107,0,8.091,15.9317626
ORDZ07595,2018-04-21,11:32:57,Breakfast,NS,"[('Pancake', 8), ('Coffee', 6)]",239.0,-37.8188654,144.9539685,0,9.176,16.6711214
ORDB06993,2018-10-17,17:38:01,Dinner,TP,"[('Fish&Chips', 4), ('Salmon', 3)]",263.0,-37.8206832,144.993264,0,9.927,13.6170583
ORDI06915,2018-08-05,15:05:54,Lunch,NS,"[('Steak', 10), ('Burger', 6), ('Fries', 10), ('Salad', 8)]",893.6,-37.8132415,144.9884726,0,8.808,16.5815081
ORDB02338,2018-01-04,08:00:00,Breakfast,TP,"[('Pancake', 10), ('Cereal', 10)]",452.5,-37.8027958,144.9364287,1,10.9,6.9532857
ORDB03360,2018-02-11,09:21:07,Breakfast,NS,"[('Cereal', 7), ('Pancake', 7), ('Eggs', 5)]",426.75,-37.8120609,144.9704131,0,7.423,13.0290363
ORDY01030,2018-11-03,18:08:27,Dinner,TP,"[('Shrimp', 7), ('Pasta', 2)]",433.0,-37.8061899,144.9783206,0,9.635,15.0805024
ORDJ05054,2018-08-08,15:16:03,Lunch,TP,"[('Salad', 7), ('Fries', 5), ('Steak', 10), ('Chicken', 1)]",662.4,-37.8243861,144.9688925,0,8.041,11.3298088
ORDZ05393,2018-02-03,09:00:50,Breakfast,NS,"[('Eggs', 8), ('Coffee', 5), ('Pancake', 1), ('Cereal', 9)]",426.75,-37.8225727,144.9609943,0,9.213,16.5920008
ORDZ01174,2018-02-04,09:00:50,Breakfast,NS,"[('Eggs', 1), ('Cereal', 9)]",211.0,-37.8177037,144.9731096,0,8.145,15.3233182
ORDB07785,2018-03-08,10:11:49,Breakfast,TP,"[('Pancake', 1), ('Coffee', 3)]",46.75,-37.8081839,144.9731736,0,9.209,12.02643
ORDB01571,2018-02-23,09:41:24,Breakfast,TP,"[('Eggs', 2), ('Coffee', 2), ('Cereal', 10), ('Pancake', 4)]",366.0,-37.8197896,144.9425883,0,9.492,12.14956
ORDY01428,2018-12-06,19:09:17,Dinner,TP,"[('Pasta', 6), ('Shrimp', 7)]",543.0,-37.8162994,144.9641366,0,7.768,12.4881333
ORDZ05774,2018-07-04,14:05:04,Lunch,NS,"[('Chicken', 10), ('Burger', 5)]",475.0,-37.8034919,144.9665299,0,6.72,11.9953649
ORDB08501,2018-01-05,08:00:00,Breakfast,TP,"[('Cereal', 5), ('Eggs', 2)]",149.0,-37.8028551,144.9363858,1,10.9,6.3526201
ORDC02333,2018-06-14,13:24:30,Lunch,NS,"[('Burger', 4), ('Chicken', 9), ('Fries', 7), ('Steak', 1)]",541.0,-37.8111455,144.99662,0,9.239,14.6570341
ORDJ00039,2018-07-31,14:55:46,Lunch,TP,"[('Steak', 9), ('Burger', 5), ('Fries', 9)]",668.0,-37.801099,144.969947,0,9.89,13.4223669
ORDZ02132,2018-05-07,12:03:22,Lunch,NS,"[('Chicken', 7), ('Burger', 3)]",317.0,-37.8016497,144.9874269,0,7.761,12.9846072
ORDJ06626,2018-04-08,11:12:40,Breakfast,TP,"[('Coffee', 8), ('Cereal', 2)]",102.0,-37.8151119,144.9612114,0,8.174,12.0645062
ORDY07912,2018-09-03,16:06:45,Dinner,TP,"[('Pasta', 1), ('Shrimp', 9), ('Fish&Chips', 9)]",828.5,-37.8070107,144.9490826,0,9.633,13.4546097
ORDC01380,2018-05-09,12:13:31,Lunch,NS,"[('Chicken', 2), ('Burger', 7), ('Steak', 1)]",326.0,-37.8004482,144.9639417,0,6.69,12.02719
ORDA06371,2018-08-13,15:26:11,Lunch,BK,"[('Burger', 9), ('Salad', 10), ('Steak', 1)]",496.0,-37.8247368,144.9691292,0,8.186,13.9988905
ORDB04324,2018-02-01,09:00:50,Breakfast,TP,"[('Pancake', 3), ('Cereal', 1)]",93.75,-37.8152876,144.9556252,0,8.475,10.5744946
ORDB04654,2018-07-22,14:35:29,Lunch,TP,"[('Burger', 10), ('Steak', 8), ('Chicken', 6), ('Salad', 9), ('Fries', 10)]",1136.8,-37.8137032,144.9534586,0,8.811,13.8992034
ORDJ07122,2018-09-30,16:57:27,Dinner,TP,"[('Shrimp', 2), ('Fish&Chips', 1), ('Salmon', 9)]",512.0,-37.8123879,144.9738407,0,8.731,14.310793
ORDC08903,2018-05-23,12:43:56,Lunch,NS,"[('Salad', 5), ('Burger', 4), ('Chicken', 1)]",242.0,-37.8191184,144.9772137,0,8.483,14.0297747
ORDJ04397,2018-03-21,10:32:06,Breakfast,TP,"[('Eggs', 5), ('Pancake', 5)]",231.25,-37.8128454,144.9598685,0,8.465,10.9656914
ORDC03304,2018-06-24,13:44:47,Lunch,NS,"[('Burger', 3), ('Steak', 2), ('Chicken', 1), ('Fries', 4)]",263.0,-37.8071519,144.9880175,0,8.131,15.7161509
ORDC04418,2018-04-16,11:22:49,Breakfast,NS,"[('Cereal', 1), ('Eggs', 9), ('Pancake', 2)]",267.5,-37.8101963,144.9697917,0,7.189,12.2520854
ORDY05927,2018-12-02,19:09:17,Dinner,TP,"[('Salmon', 5), ('Fish&Chips', 1), ('Shrimp', 6)]",564.0,-37.8076106,144.9803789,0,9.636,15.1751261
ORDY08692,2018-11-18,18:38:52,Dinner,TP,"[('Shrimp', 2), ('Pasta', 6)]",273.0,-37.8139411,144.9357557,0,10.636,16.0183138
ORDK08002,2018-10-13,17:27:53,Dinner,BK,"[('Pasta', 1), ('Salmon', 7)]",314.5,-37.8206097,144.9568547,0,8.428,18.2342504
ORDK10378,2018-10-03,17:07:36,Dinner,BK,"[('Pasta', 1), ('Shrimp', 2), ('Salmon', 2)]",217.5,-37.8085582,144.9566343,0,8.073,15.1681026
ORDB01082,2018-04-12,11:12:40,Breakfast,TP,"[('Pancake', 2), ('Eggs', 6), ('Cereal', 5)]",285.5,-37.8140301,144.9626401,0,8.247,11.1714437
ORDK04580,2018-02-24,09:41:24,Breakfast,BK,"[('Eggs', 1), ('Coffee', 1), ('Pancake', 3), ('Cereal', 3)]",165.25,-37.8115895,145.0063903,0,3.613,10.1393133
ORDB10806,2018-04-22,11:43:05,Breakfast,TP,"[('Coffee', 5), ('Pancake', 3), ('Cereal', 2)]",152.25,-37.8192507,144.9527428,0,8.555,12.5658294
ORDB04811,2018-01-16,08:30:25,Breakfast,TP,"[('Eggs', 8), ('Coffee', 2), ('Cereal', 6)]",317.0,-37.8058221,144.9333802,1,10.889,7.2362113
ORDY05785,2018-04-23,11:43:05,Breakfast,TP,"[('Coffee', 1), ('Pancake', 5), ('Cereal', 6), ('Eggs', 5)]",364.75,-37.8189659,144.9532,0,8.528,11.8720698
ORDC02472,2018-03-14,10:21:58,Breakfast,NS,"[('Coffee', 7), ('Eggs', 1), ('Cereal', 5), ('Pancake', 3)]",252.25,-37.7996144,144.9327719,0,11.693,16.945326
ORDB10501,2018-11-27,18:59:09,Dinner,TP,"[('Shrimp', 7), ('Fish&Chips', 3)]",483.0,-37.8158579,144.9823768,0,9.126,13.1602051
ORDK03818,2018-11-03,18:08:27,Dinner,BK,"[('Fish&Chips', 1), ('Salmon', 2)]",117.0,-37.8249135,144.9590174,0,8.914,18.386004
ORDI06188,2018-05-15,12:23:39,Lunch,NS,"[('Burger', 8), ('Fries', 6)]",320.0,-37.8193282,144.9604993,0,8.912,14.0132891
ORDJ03114,2018-09-05,16:06:45,Dinner,TP,"[('Pasta', 8), ('Shrimp', 8), ('Fish&Chips', 1)]",687.0,-37.8150169,144.9276057,0,11.79,15.5744687
ORDB08471,2018-10-25,17:48:10,Dinner,TP,"[('Pasta', 10), ('Salmon', 3), ('Fish&Chips', 7), ('Shrimp', 6)]",967.0,-37.8056421,144.9712407,0,9.472,13.4217872
ORDY06295,2018-08-15,15:26:11,Lunch,TP,"[('Fries', 5), ('Burger', 6)]",246.0,-37.8063767,144.9411704,0,10.303,13.7856028
ORDZ06928,2018-09-06,16:16:54,Dinner,NS,"[('Pasta', 9), ('Fish&Chips', 4), ('Salmon', 10), ('Shrimp', 2)]",905.5,-37.7984899,144.9779754,0,7.0,12.7106107
ORDI01663,2018-12-25,19:49:51,Dinner,NS,"[('Shrimp', 10), ('Pasta', 3), ('Fish&Chips', 1)]",657.5,-37.8054973,144.9660332,0,6.946,13.1280177
ORDA02487,2018-02-16,09:31:16,Breakfast,BK,"[('Pancake', 7), ('Cereal', 3)]",232.75,-37.8176852,145.0071353,0,4.11,8.6264804
ORDJ05737,2018-08-04,15:05:54,Lunch,TP,"[('Chicken', 5), ('Fries', 2), ('Steak', 4), ('Burger', 1)]",395.0,-37.8132769,144.9882693,0,9.772,14.2261246
ORDC09256,2018-11-21,18:38:52,Dinner,NS,"[('Fish&Chips', 5), ('Salmon', 9)]",544.0,-37.8082574,144.9766257,0,7.377,13.3722884
ORDJ09335,2018-06-17,13:34:38,Lunch,TP,"[('Salad', 3), ('Chicken', 2), ('Steak', 9), ('Fries', 7)]",604.6,-37.8097027,144.9555035,0,8.894,13.6910604
ORDI00397,2018-02-09,09:10:59,Breakfast,NS,"[('Coffee', 4), ('Cereal', 1)]",51.0,-37.799984,144.9610548,0,6.955,11.5373713
ORDK09869,2018-11-24,18:49:00,Dinner,BK,"[('Fish&Chips', 6), ('Salmon', 6), ('Pasta', 9)]",703.5,-37.8135052,144.9404441,0,9.663,19.5732238
ORDI00263,2018-09-22,16:47:19,Dinner,NS,"[('Pasta', 5), ('Salmon', 8), ('Shrimp', 2)]",573.5,-37.824643,144.9720642,0,9.22,16.5132529
ORDK00783,2018-12-28,20:00:00,Dinner,BK,"[('Fish&Chips', 1), ('Salmon', 9), ('Pasta', 5), ('Shrimp', 5)]",811.5,-37.804722,144.9840992,0,6.063,13.3661354
ORDX04392,2018-12-06,19:09:17,Dinner,BK,"[('Fish&Chips', 8), ('Salmon', 5)]",485.0,-37.8155694,144.9666736,0,7.51,14.3232784
ORDB02337,2018-05-26,12:43:56,Lunch,TP,"[('Burger', 6), ('Fries', 8), ('Steak', 1), ('Salad', 9), ('Chicken', 3)]",577.8,-37.8251853,144.9512525,0,8.506,13.1798946
ORDZ06740,2018-07-31,14:55:46,Lunch,NS,"[('Chicken', 2), ('Fries', 5), ('Steak', 7)]",439.0,-37.8027583,145.0024573,0,9.152,14.0196862
ORDJ07958,2018-10-26,17:48:10,Dinner,TP,"[('Fish&Chips', 1), ('Salmon', 10)]",445.0,-37.8203207,144.9656438,0,7.393,11.8003506
ORDA01639,2018-10-17,17:38:01,Dinner,BK,"[('Fish&Chips', 7), ('Shrimp', 4), ('Salmon', 5)]",666.0,-37.8014154,144.948467,0,9.011,14.8211365
ORDC06458,2018-09-01,16:06:45,Dinner,NS,"[('Shrimp', 1), ('Fish&Chips', 6), ('Salmon', 9)]",633.0,-37.8158559,144.9571644,0,8.603,16.8314378
ORDY09940,2018-03-05,10:01:41,Breakfast,TP,"[('Eggs', 7), ('Coffee', 1), ('Cereal', 6), ('Pancake', 4)]",384.5,-37.8209806,145.0004038,0,10.628,12.9845099
ORDJ05994,2018-03-07,10:11:49,Breakfast,TP,"[('Eggs', 10), ('Pancake', 6), ('Cereal', 5), ('Coffee', 1)]",478.0,-37.8078707,144.9730414,0,9.25,12.0338391
ORDI07108,2018-08-06,15:05:54,Lunch,NS,"[('Chicken', 8), ('Salad', 5)]",342.0,-37.81352,144.9685284,0,7.712,13.2259955
ORDJ01949,2018-09-21,16:47:19,Dinner,TP,"[('Salmon', 2), ('Shrimp', 5), ('Fish&Chips', 6)]",562.0,-37.8200454,144.9583065,0,7.877,12.6674436
ORDX09393,2018-11-02,18:08:27,Dinner,BK,"[('Salmon', 7), ('Pasta', 9), ('Fish&Chips', 9), ('Shrimp', 1)]",903.5,-37.8096417,144.971036,0,6.817,13.8054529
ORDK06740,2018-05-18,12:33:48,Lunch,BK,"[('Salad', 10), ('Steak', 6), ('Chicken', 9), ('Fries', 1)]",742.0,-37.8044515,144.9432776,0,9.205,15.193569
ORDC04753,2018-12-24,19:49:51,Dinner,NS,"[('Fish&Chips', 7), ('Shrimp', 2), ('Pasta', 3)]",435.5,-37.8189424,145.0023257,0,10.336,16.4391775
ORDA09755,2018-03-31,10:52:23,Breakfast,BK,"[('Cereal', 1), ('Coffee', 8)]",81.0,-37.802563,144.9456337,0,9.087,16.3895339
ORDY05085,2018-10-04,17:07:36,Dinner,NS,"[('Pasta', 3), ('Salmon', 1), ('Shrimp', 6), ('Fish&Chips', 2)]",517.5,-37.8153669,144.9354015,0,10.077,14.3101335
ORDY04458,2018-10-03,17:07:36,Dinner,TP,"[('Pasta', 8), ('Fish&Chips', 1)]",255.0,-37.8086596,144.956616,0,9.059,13.3817283
ORDZ10814,2018-01-14,08:20:16,Breakfast,NS,"[('Coffee', 5), ('Cereal', 1), ('Pancake', 3)]",131.25,-37.8142745,144.9389804,1,9.715,8.3918667
ORDC01747,2018-09-10,16:16:54,Dinner,NS,"[('Shrimp', 2), ('Fish&Chips', 5)]",283.0,-37.8102664,144.9977363,0,9.231,15.2915131
ORDB07359,2018-04-12,11:12:40,Breakfast,TP,"[('Cereal', 7), ('Eggs', 10), ('Coffee', 1)]",374.5,-37.8138309,144.9615484,0,8.279,10.8339918
ORDB09518,2018-09-09,16:16:54,Dinner,TP,"[('Fish&Chips', 10), ('Shrimp', 10)]",890.0,-37.81883,144.9738244,0,8.192,13.483002
ORDZ05665,2018-08-17,15:36:20,Lunch,NS,"[('Salad', 7), ('Chicken', 5), ('Burger', 10), ('Steak', 7)]",905.4,-37.8187086,144.9552773,0,9.081,14.248482
ORDZ01477,2018-09-19,16:37:10,Dinner,NS,"[('Fish&Chips', 10), ('Salmon', 5)]",555.0,-37.813636,144.9558758,0,8.39,13.8921114
ORDZ07928,2018-10-15,17:27:53,Dinner,NS,"[('Salmon', 4), ('Shrimp', 3)]",326.0,-37.8104849,144.9937425,0,8.955,14.803375
ORDB08635,2018-07-10,14:15:12,Lunch,TP,"[('Burger', 8), ('Fries', 6), ('Salad', 4), ('Chicken', 2), ('Steak', 2)]",542.8,-37.8154481,144.9662371,0,8.051,11.2645272
ORDZ10232,2018-01-31,09:00:50,Breakfast,NS,"[('Cereal', 2), ('Eggs', 6)]",174.0,-37.8003064,144.9515128,0,7.945,12.5475443
ORDA05022,2018-09-09,16:16:54,Dinner,BK,"[('Pasta', 9), ('Salmon', 8), ('Shrimp', 5)]",845.5,-37.823322,144.9938042,0,5.831,14.8596055
ORDJ07015,2018-10-23,17:48:10,Dinner,TP,"[('Salmon', 5), ('Fish&Chips', 7)]",450.0,-37.8190237,144.9645972,0,7.819,12.2410959
ORDY00724,2018-08-12,15:26:11,Lunch,TP,"[('Burger', 4), ('Steak', 6), ('Fries', 9), ('Salad', 2)]",536.4,-37.8117055,144.9603483,0,8.49,13.7770112
ORDK01685,2018-11-29,18:59:09,Dinner,BK,"[('Shrimp', 7), ('Salmon', 2), ('Pasta', 5), ('Fish&Chips', 1)]",632.5,-37.8045919,144.9669554,0,7.285,14.1436215
ORDY00033,2018-01-25,08:40:33,Breakfast,TP,"[('Cereal', 9), ('Pancake', 7), ('Coffee', 2), ('Eggs', 7)]",527.75,-37.8107471,144.9636534,0,8.517,11.2404781
ORDJ00508,2018-04-04,11:02:32,Breakfast,TP,"[('Cereal', 9), ('Coffee', 3), ('Eggs', 3), ('Pancake', 1)]",301.75,-37.8251736,144.9473259,0,8.879,11.6033808
ORDC02096,2018-06-10,13:14:21,Lunch,TP,"[('Chicken', 8), ('Steak', 4), ('Salad', 1), ('Burger', 4), ('Fries', 7)]",661.2,-37.8142345,144.9637244,0,8.028,15.6482382
ORDA10601,2018-03-03,10:01:41,Breakfast,BK,"[('Cereal', 5), ('Pancake', 1), ('Coffee', 4)]",159.25,-37.8244445,144.9903573,0,6.248,13.580909
ORDA00642,2018-03-17,10:21:58,Breakfast,BK,"[('Cereal', 3), ('Coffee', 7), ('Eggs', 10), ('Pancake', 2)]",384.0,-37.8205224,144.9840059,0,6.461,13.5080221
ORDC09832,2018-09-02,16:06:45,Dinner,NS,"[('Shrimp', 2), ('Salmon', 5), ('Fish&Chips', 8)]",593.0,-37.813452,144.9655908,0,7.84,15.9316253
ORDC09846,2018-05-24,12:43:56,Lunch,NS,"[('Steak', 5), ('Chicken', 6), ('Salad', 7), ('Burger', 2)]",599.4,-37.8222308,144.9782323,0,8.9,14.8171053
ORDZ01649,2018-09-22,16:47:19,Dinner,NS,"[('Shrimp', 5), ('Pasta', 7)]",462.5,-37.7994083,144.9365256,0,9.242,17.2274819
ORDY03101,2018-03-09,10:11:49,Breakfast,TP,"[('Coffee', 6), ('Pancake', 8)]",239.0,-37.819837,144.9649302,0,7.314,10.2234603
ORDJ08585,2018-05-28,12:54:05,Lunch,TP,"[('Burger', 5), ('Fries', 1), ('Chicken', 9), ('Steak', 4)]",635.0,-37.79305,144.97572,0,10.919,13.6531104
ORDK07773,2018-09-18,16:37:10,Dinner,BK,"[('Salmon', 4), ('Fish&Chips', 4), ('Shrimp', 5), ('Pasta', 8)]",794.0,-37.805895,144.9559639,0,8.063,14.6644636
ORDX09350,2018-10-30,17:58:18,Dinner,BK,"[('Shrimp', 3), ('Fish&Chips', 1)]",197.0,-37.8208489,144.9946581,0,5.571,12.2169367
ORDX01900,2018-12-24,19:49:51,Dinner,BK,"[('Shrimp', 2), ('Salmon', 7), ('Pasta', 9)]",642.5,-37.8186125,145.0038022,0,4.511,11.4122946
ORDB03887,2018-10-13,17:27:53,Dinner,TP,"[('Salmon', 6), ('Pasta', 1), ('Shrimp', 8)]",705.5,-37.8206373,144.9568666,0,8.008,13.2579961
ORDX02843,2018-05-04,12:03:22,Lunch,BK,"[('Chicken', 3), ('Burger', 3), ('Salad', 8), ('Fries', 9)]",434.6,-37.7999204,144.934833,0,12.252,18.4159359
ORDI10828,2018-04-07,11:12:40,Breakfast,NS,"[('Cereal', 6), ('Eggs', 5)]",236.0,-37.8173474,145.008734,0,10.784,17.9336759
ORDC06366,2018-08-19,15:36:20,Lunch,NS,"[('Salad', 5), ('Steak', 7)]",401.0,-37.8243312,144.9524688,0,9.947,17.8449023
ORDI07653,2018-05-27,12:43:56,Lunch,NS,"[('Chicken', 3), ('Steak', 3), ('Burger', 3), ('Salad', 10)]",496.0,-37.8043856,144.9283024,0,10.511,18.2687864
ORDC07518,2018-11-02,18:08:27,Dinner,NS,"[('Salmon', 6), ('Pasta', 4)]",356.0,-37.8024922,144.9809522,0,7.207,13.4765603
ORDC00770,2018-09-06,16:06:45,Dinner,NS,"[('Fish&Chips', 10), ('Pasta', 3), ('Salmon', 10), ('Shrimp', 8)]",1274.5,-37.8165023,144.9282867,0,10.499,16.3365231
ORDZ05150,2018-04-14,11:22:49,Breakfast,NS,"[('Cereal', 9), ('Pancake', 8), ('Eggs', 1)]",405.0,-37.8046392,144.9451137,0,8.838,15.4408335
ORDY01855,2018-07-28,14:55:46,Lunch,TP,"[('Chicken', 6), ('Salad', 1), ('Burger', 1), ('Fries', 6)]",312.2,-37.809935,144.9584805,0,8.803,13.7146918
ORDC10710,2018-02-25,09:51:32,Breakfast,NS,"[('Eggs', 3), ('Pancake', 2)]",114.5,-37.8023682,144.9915927,0,8.312,14.8724255
ORDY07461,2018-08-15,15:26:11,Lunch,TP,"[('Burger', 1), ('Salad', 1), ('Chicken', 5), ('Steak', 4)]",388.2,-37.8083939,144.9757389,0,9.201,12.9819651
ORDI06817,2018-04-22,11:43:05,Breakfast,NS,"[('Coffee', 6), ('Pancake', 8)]",239.0,-37.8187387,144.9533937,0,9.219,16.4735852
ORDZ03607,2018-02-27,09:51:32,Breakfast,NS,"[('Coffee', 9), ('Cereal', 7), ('Pancake', 9)]",432.75,-37.8219393,144.972439,0,9.033,14.4487514
ORDK08143,2018-02-13,09:21:07,Breakfast,BK,"[('Cereal', 7), ('Coffee', 5)]",184.5,-37.8040737,144.9827659,0,6.232,10.710288
ORDB01207,2018-05-18,12:33:48,Lunch,TP,"[('Chicken', 10), ('Steak', 4), ('Salad', 9), ('Fries', 7)]",738.8,-37.8039924,144.9584611,0,9.247,12.4549665
ORDZ10674,2018-03-02,09:51:32,Breakfast,NS,"[('Pancake', 5), ('Cereal', 9), ('Eggs', 5), ('Coffee', 5)]",457.75,-37.8055395,144.955269,0,7.993,12.803916
ORDZ08098,2018-11-16,18:28:43,Dinner,NS,"[('Fish&Chips', 2), ('Shrimp', 9)]",556.0,-37.814892,145.0076791,0,10.53,16.2102778
ORDB00472,2018-04-07,11:02:32,Breakfast,TP,"[('Eggs', 2), ('Pancake', 6), ('Coffee', 4)]",219.5,-37.8227021,145.0076149,0,11.247,15.4388745
ORDJ02252,2018-10-20,17:38:01,Dinner,TP,"[('Pasta', 10), ('Fish&Chips', 6), ('Shrimp', 3)]",647.0,-37.8157329,144.9822677,0,9.143,14.7716768
ORDX03799,2018-04-05,11:02:32,Breakfast,BK,"[('Eggs', 4), ('Cereal', 3), ('Coffee', 10)]",226.0,-37.8253385,144.9460998,0,9.588,14.5873153
ORDA05645,2018-03-28,10:52:23,Breakfast,TP,"[('Pancake', 8), ('Cereal', 1)]",215.0,-37.8243704,144.9875798,0,9.105,11.0979551
ORDB06930,2018-04-06,11:02:32,Breakfast,TP,"[('Coffee', 7), ('Pancake', 9)]",270.75,-37.8123861,144.9656484,0,8.366,10.9428499
ORDA02557,2018-10-29,17:58:18,Dinner,BK,"[('Fish&Chips', 10), ('Salmon', 8), ('Shrimp', 5), ('Pasta', 9)]",1195.5,-37.8080452,144.9733588,0,6.503,13.4342089
ORDZ10775,2018-08-05,15:05:54,Lunch,NS,"[('Chicken', 3), ('Fries', 7), ('Salad', 5), ('Burger', 9), ('Steak', 4)]",725.0,-37.8150574,144.952147,0,8.768,15.9814599
ORDC11013,2018-02-18,09:31:16,Breakfast,NS,"[('Pancake', 1), ('Cereal', 6)]",150.25,-37.8077348,144.9620648,0,7.449,14.9160502
ORDJ05043,2018-01-11,08:20:16,Breakfast,TP,"[('Eggs', 8), ('Coffee', 2), ('Cereal', 10), ('Pancake', 4)]",498.0,-37.8166356,144.9872824,1,9.542,6.6372506
ORDX02903,2018-03-01,09:51:32,Breakfast,BK,"[('Pancake', 6), ('Eggs', 1), ('Cereal', 7), ('Coffee', 7)]",367.0,-37.8150666,144.9747849,0,6.722,11.6727562
ORDB02073,2018-11-11,18:28:43,Dinner,TP,"[('Fish&Chips', 8), ('Pasta', 2)]",335.0,-37.8155657,144.9762873,0,8.625,13.9876162
ORDK09992,2018-09-28,16:57:27,Dinner,BK,"[('Shrimp', 5), ('Fish&Chips', 2), ('Pasta', 7), ('Salmon', 1)]",573.5,-37.8004914,144.9515215,0,8.764,15.7897013
ORDI09113,2018-02-15,09:21:07,Breakfast,NS,"[('Eggs', 3), ('Cereal', 3)]",129.0,-37.8138709,145.0024239,0,10.0,14.9026794
ORDJ02702,2018-01-26,08:50:42,Breakfast,TP,"[('Coffee', 1), ('Pancake', 3), ('Eggs', 5), ('Cereal', 4)]",274.25,-37.8070949,144.9570155,0,9.228,12.0899232
ORDA02221,2018-10-03,17:07:36,Dinner,BK,"[('Salmon', 6), ('Fish&Chips', 10)]",596.0,-37.8028533,144.9633724,0,7.852,15.012316
ORDB04740,2018-03-19,10:32:06,Breakfast,TP,"[('Cereal', 4), ('Pancake', 3), ('Eggs', 7)]",310.75,-37.8152183,144.9518997,0,8.882,11.47278
ORDB05324,2018-10-23,17:48:10,Dinner,TP,"[('Shrimp', 9), ('Salmon', 1), ('Fish&Chips', 10)]",877.0,-37.8112316,145.008477,0,12.349,16.2909023
ORDK02470,2018-08-29,15:56:37,Lunch,BK,"[('Steak', 5), ('Chicken', 6), ('Burger', 5), ('Fries', 10), ('Salad', 2)]",726.4,-37.8118683,144.9564998,0,8.089,14.0482755
ORDK00831,2018-08-02,15:05:54,Lunch,BK,"[('Burger', 3), ('Salad', 4), ('Steak', 3), ('Fries', 10)]",416.8,-37.8130318,144.9485519,0,10.304,15.8974303
ORDC08859,2018-04-23,11:43:05,Breakfast,NS,"[('Pancake', 8), ('Cereal', 2), ('Eggs', 8)]",412.0,-37.8188542,144.9534151,0,9.223,14.2364873
ORDC10903,2018-11-09,18:18:35,Dinner,NS,"[('Salmon', 2), ('Shrimp', 1), ('Fish&Chips', 6)]",346.0,-37.8196257,145.0100232,0,11.02,17.0872174
ORDX09148,2018-08-12,15:26:11,Lunch,BK,"[('Salad', 9), ('Burger', 10), ('Fries', 10)]",584.8,-37.8138381,144.9368164,0,10.4,18.8772136
ORDJ00324,2018-07-01,13:54:55,Lunch,TP,"[('Fries', 6), ('Burger', 4)]",196.0,-37.8093444,144.9643497,0,8.712,13.3622579
ORDC01357,2018-01-26,08:50:42,Breakfast,NS,"[('Pancake', 8), ('Cereal', 3)]",257.0,-37.8070949,144.9570155,0,7.964,13.2200512
ORDY04474,2018-11-13,18:28:43,Dinner,TP,"[('Salmon', 10), ('Pasta', 1)]",437.5,-37.8215407,144.9449527,0,9.166,13.4320179
ORDA09837,2018-07-22,14:35:29,Lunch,TP,"[('Salad', 6), ('Steak', 3), ('Chicken', 5), ('Burger', 3), ('Fries', 6)]",563.2,-37.8203134,144.9570956,0,7.998,16.2488054
ORDX08673,2018-08-09,15:16:03,Lunch,BK,"[('Salad', 10), ('Steak', 8), ('Fries', 2), ('Chicken', 3), ('Burger', 10)]",962.0,-37.8224504,144.9558264,0,8.667,14.8770147
ORDI00098,2018-01-25,08:40:33,Breakfast,NS,"[('Eggs', 5), ('Cereal', 7), ('Pancake', 5)]",378.25,-37.8107471,144.9636534,0,7.556,12.467302
ORDZ05109,2018-02-06,09:10:59,Breakfast,NS,"[('Cereal', 2), ('Coffee', 3)]",64.5,-37.8006219,144.9781021,0,6.893,11.8344958
ORDB06065,2018-02-10,09:10:59,Breakfast,TP,"[('Coffee', 5), ('Cereal', 5), ('Eggs', 5)]",252.5,-37.8088896,144.9661459,0,8.845,13.0306416
ORDA03724,2018-05-29,12:54:05,Lunch,BK,"[('Chicken', 1), ('Steak', 3), ('Salad', 1), ('Fries', 7)]",268.2,-37.8180683,145.0106825,0,4.168,10.0590385
ORDB08921,2018-07-28,14:55:46,Lunch,TP,"[('Salad', 6), ('Fries', 5), ('Burger', 9), ('Chicken', 5)]",602.2,-37.8077118,144.948219,0,9.714,14.7523389
ORDA00454,2018-11-06,18:08:27,Dinner,BK,"[('Fish&Chips', 9), ('Pasta', 1)]",342.5,-37.8151371,144.9637175,0,7.751,14.4472424
ORDX09995,2018-02-26,09:51:32,Breakfast,BK,"[('Cereal', 1), ('Coffee', 1), ('Pancake', 10), ('Eggs', 8)]",447.0,-37.8034129,144.9799234,0,6.53,11.497211
ORDJ00826,2018-09-11,16:27:02,Dinner,TP,"[('Salmon', 4), ('Fish&Chips', 3), ('Pasta', 6)]",434.0,-37.8077318,144.9706127,0,9.244,13.3685633
ORDJ04439,2018-09-25,16:47:19,Dinner,TP,"[('Fish&Chips', 7), ('Salmon', 3), ('Shrimp', 1)]",422.0,-37.8034831,144.9496043,0,9.895,13.3122512
ORDY00660,2018-01-10,08:10:08,Breakfast,TP,"[('Coffee', 6), ('Eggs', 7), ('Cereal', 7), ('Pancake', 3)]",418.75,-37.8057908,144.9839122,1,10.07,6.0694583
ORDC02929,2018-04-21,11:32:57,Breakfast,NS,"[('Pancake', 4), ('Eggs', 10), ('Cereal', 2)]",359.0,-37.8188308,144.9533814,0,9.229,16.4206849
ORDX01681,2018-02-05,09:00:50,Breakfast,BK,"[('Eggs', 4), ('Coffee', 8)]",148.0,-37.8197378,145.0106624,0,4.382,9.2717839
ORDZ02304,2018-12-10,19:19:26,Dinner,NS,"[('Fish&Chips', 7), ('Shrimp', 2), ('Pasta', 3), ('Salmon', 10)]",845.5,-37.8121891,144.9377208,0,10.246,16.0200526
ORDJ10147,2018-07-24,14:45:38,Lunch,TP,"[('Fries', 1), ('Chicken', 5), ('Burger', 9), ('Salad', 2)]",485.4,-37.8002642,144.9635872,0,9.742,13.3803273
ORDC08426,2018-12-07,19:19:26,Dinner,NS,"[('Pasta', 9), ('Fish&Chips', 5), ('Shrimp', 2)]",530.5,-37.8016819,144.9813864,0,7.133,12.9658109
ORDC10639,2018-11-12,18:28:43,Dinner,NS,"[('Pasta', 10), ('Shrimp', 4)]",491.0,-37.8162933,144.9584283,0,8.601,14.6224398
ORDI04049,2018-07-08,14:15:12,Lunch,NS,"[('Chicken', 2), ('Burger', 1), ('Salad', 4)]",163.8,-37.819881,144.9612829,0,8.919,16.4704284
ORDK03480,2018-02-07,09:10:59,Breakfast,BK,"[('Eggs', 6), ('Pancake', 1)]",156.25,-37.8230778,144.9378628,0,10.367,15.3830059
ORDY07113,2018-06-03,13:04:13,Lunch,TP,"[('Salad', 2), ('Steak', 2), ('Fries', 7), ('Chicken', 3), ('Burger', 9)]",583.4,-37.8164041,144.9709417,0,8.069,12.9230737
ORDJ09101,2018-10-02,17:07:36,Dinner,TP,"[('Fish&Chips', 3), ('Shrimp', 7)]",483.0,-37.8090958,144.986353,0,9.863,14.0413674
ORDA09166,2018-02-09,09:10:59,Breakfast,NS,"[('Coffee', 4), ('Eggs', 5), ('Cereal', 4)]",224.0,-37.8000128,144.9735661,0,6.442,12.2893349
ORDJ02607,2018-12-20,19:39:43,Dinner,TP,"[('Salmon', 1), ('Fish&Chips', 7), ('Shrimp', 4)]",502.0,-37.8130106,144.93361,0,11.359,14.8029681
ORDJ06145,2018-09-30,16:57:27,Dinner,TP,"[('Salmon', 2), ('Fish&Chips', 5)]",257.0,-37.8002338,144.9770628,0,10.132,15.6697798
ORDI09699,2018-02-12,09:21:07,Breakfast,NS,"[('Pancake', 4), ('Eggs', 8)]",273.0,-37.815865,144.9731491,0,7.953,13.5578506
ORDC09019,2018-04-28,11:53:14,Breakfast,NS,"[('Coffee', 9), ('Pancake', 8), ('Cereal', 6)]",387.5,-37.8223042,144.9683484,0,8.899,16.1187237
ORDI09471,2018-03-06,10:01:41,Breakfast,NS,"[('Coffee', 10), ('Eggs', 9)]",273.0,-37.8098183,144.9765028,0,7.813,13.064778
ORDB10356,2018-11-07,18:18:35,Dinner,TP,"[('Pasta', 4), ('Fish&Chips', 9)]",425.0,-37.8093346,144.9608903,0,8.611,13.1609808
ORDK11093,2018-02-02,09:00:50,Breakfast,BK,"[('Pancake', 9), ('Eggs', 9)]",416.25,-37.7990008,144.9274382,0,11.022,16.2120119
ORDA08889,2018-08-29,15:56:37,Lunch,BK,"[('Burger', 2), ('Fries', 6), ('Salad', 10)]",306.0,-37.811661,144.9562924,0,8.102,14.1700763
ORDJ08929,2018-10-21,17:38:01,Dinner,TP,"[('Fish&Chips', 6), ('Salmon', 6), ('Shrimp', 10)]",996.0,-37.8220787,144.9695825,0,7.842,13.6876929
ORDJ08613,2018-02-10,09:10:59,Breakfast,TP,"[('Eggs', 6), ('Pancake', 6)]",277.5,-37.8088896,144.9661459,0,8.845,13.4561657
ORDI07620,2018-04-13,11:22:49,Breakfast,TP,"[('Eggs', 7), ('Pancake', 9), ('Cereal', 4), ('Coffee', 7)]",508.75,-37.8030141,144.9560786,0,9.547,12.5768722
ORDC01967,2018-10-08,17:17:44,Dinner,NS,"[('Fish&Chips', 4), ('Shrimp', 2), ('Salmon', 2)]",330.0,-37.8026334,144.966104,0,6.679,12.9182621
ORDC10306,2018-07-14,14:25:21,Lunch,NS,"[('Fries', 1), ('Chicken', 8), ('Burger', 6), ('Steak', 4)]",634.0,-37.8188237,145.0023458,0,10.333,18.2442626
ORDJ07828,2018-04-27,11:53:14,Breakfast,TP,"[('Pancake', 2), ('Coffee', 6)]",93.5,-37.8233026,144.9680038,0,7.974,10.5892145
ORDX10188,2018-06-08,13:14:21,Lunch,BK,"[('Fries', 5), ('Steak', 10), ('Salad', 1), ('Chicken', 6), ('Burger', 2)]",781.2,-37.8193232,144.9833649,0,6.46,12.1488115
ORDX02865,2018-08-21,15:36:20,Lunch,BK,"[('Fries', 9), ('Salad', 1), ('Steak', 7), ('Chicken', 9), ('Burger', 9)]",1007.2,-37.8205597,144.9813601,0,7.017,13.3366819
ORDJ08775,2018-04-23,11:43:05,Breakfast,TP,"[('Eggs', 6), ('Cereal', 3), ('Coffee', 3), ('Pancake', 7)]",387.25,-37.8187378,144.9532413,0,8.528,11.3752017
ORDA09613,2018-07-27,14:45:38,Lunch,BK,"[('Fries', 4), ('Chicken', 6), ('Burger', 10), ('Salad', 10), ('Steak', 2)]",812.0,-37.8000945,144.9808891,0,6.728,12.3791206
ORDK09925,2018-03-03,10:01:41,Breakfast,BK,"[('Pancake', 7), ('Eggs', 5), ('Cereal', 1), ('Coffee', 9)]",368.25,-37.8236931,144.9306191,0,11.866,19.4435864
ORDI07008,2018-01-28,08:50:42,Breakfast,NS,"[('Cereal', 2), ('Coffee', 6), ('Eggs', 7), ('Pancake', 3)]",313.75,-37.7988615,144.9578438,0,7.346,14.4215166
ORDB08192,2018-02-08,09:10:59,Breakfast,TP,"[('Eggs', 9), ('Pancake', 3), ('Coffee', 7)]",323.25,-37.8165191,144.9503159,0,9.188,11.0989194
ORDX09223,2018-01-19,08:30:25,Breakfast,TP,"[('Cereal', 10), ('Coffee', 7)]",262.5,-37.805573,144.9534896,0,9.413,13.1592342
ORDZ10960,2018-03-29,10:52:23,Breakfast,NS,"[('Eggs', 7), ('Coffee', 6), ('Cereal', 6), ('Pancake', 10)]",567.5,-37.8160973,144.9721557,0,7.913,13.0489927
ORDI08319,2018-07-29,14:55:46,Lunch,NS,"[('Fries', 2), ('Salad', 9), ('Chicken', 5)]",338.8,-37.8121506,144.9738918,0,7.615,14.8256011
ORDK00276,2018-02-16,09:31:16,Breakfast,BK,"[('Eggs', 3), ('Cereal', 10), ('Coffee', 6)]",321.0,-37.8018155,144.945695,0,9.169,13.7851543
ORDJ10847,2018-06-15,13:24:30,Lunch,TP,"[('Steak', 8), ('Salad', 7), ('Chicken', 5), ('Burger', 3), ('Fries', 10)]",853.4,-37.8218441,145.0153367,0,12.151,14.5338142
ORDI01052,2018-10-10,17:17:44,Dinner,NS,"[('Shrimp', 1), ('Pasta', 6)]",219.0,-37.812461,144.9534303,0,8.524,14.2102741
ORDJ05031,2018-06-28,13:54:55,Lunch,TP,"[('Chicken', 8), ('Fries', 7)]",340.0,-37.8117836,144.9491211,0,9.372,12.6008302
ORDJ09552,2018-02-03,09:00:50,Breakfast,TP,"[('Pancake', 1), ('Eggs', 2), ('Coffee', 3), ('Cereal', 1)]",111.75,-37.8087984,145.0088468,0,12.052,16.2623385
ORDZ07669,2018-07-18,14:35:29,Lunch,NS,"[('Chicken', 9), ('Fries', 2), ('Salad', 7), ('Steak', 3)]",567.4,-37.8109379,144.9681757,0,7.378,12.7410401
ORDA03228,2018-04-17,11:22:49,Breakfast,BK,"[('Cereal', 10), ('Pancake', 4), ('Coffee', 3)]",329.5,-37.8122866,144.95142,0,8.615,13.7616123
ORDZ06345,2018-03-09,10:11:49,Breakfast,NS,"[('Cereal', 5), ('Pancake', 8), ('Eggs', 1), ('Coffee', 6)]",366.0,-37.8064702,144.9468763,0,8.82,14.3352269
ORDI05543,2018-01-02,08:00:00,Breakfast,NS,"[('Pancake', 8), ('Coffee', 7)]",246.5,-37.8121658,144.942053,1,9.414,7.0352412
ORDY03335,2018-03-14,10:21:58,Breakfast,TP,"[('Eggs', 1), ('Coffee', 7)]",74.5,-37.8174594,144.9778062,0,8.771,11.2958045
ORDA00085,2018-04-10,11:12:40,Breakfast,BK,"[('Eggs', 8), ('Cereal', 4), ('Pancake', 9), ('Coffee', 8)]",538.25,-37.8206094,144.9668683,0,7.882,12.6816726
ORDA02288,2018-09-01,15:56:37,Lunch,BK,"[('Salad', 2), ('Fries', 4)]",82.4,-37.8168042,144.9543002,0,8.562,16.6182131
ORDI09338,2018-03-13,10:21:58,Breakfast,NS,"[('Eggs', 6), ('Cereal', 1), ('Pancake', 7)]",322.75,-37.8250993,145.0135418,0,11.828,16.6417179
ORDK00758,2018-02-09,09:10:59,Breakfast,BK,"[('Pancake', 1), ('Cereal', 7)]",171.25,-37.799949,144.9588616,0,8.378,13.0508254
ORDJ07508,2018-12-09,19:19:26,Dinner,TP,"[('Pasta', 2), ('Shrimp', 1), ('Salmon', 9), ('Fish&Chips', 6)]",688.0,-37.8019935,144.9746948,0,9.955,16.0201889
ORDC01025,2018-04-03,11:02:32,Breakfast,NS,"[('Eggs', 9), ('Pancake', 10), ('Cereal', 3)]",503.5,-37.8105642,144.9845168,0,8.218,13.157974
ORDZ00451,2018-04-12,11:22:49,Breakfast,NS,"[('Coffee', 5), ('Eggs', 5), ('Pancake', 8)]",341.5,-37.8019936,144.9443023,0,8.698,13.5605831
ORDX03551,2018-01-06,08:10:08,Breakfast,TP,"[('Eggs', 10), ('Pancake', 3), ('Cereal', 4), ('Coffee', 8)]",436.75,-37.8134217,144.9370569,1,10.502,8.8605713
ORDC03443,2018-07-17,14:25:21,Lunch,NS,"[('Chicken', 6), ('Burger', 1)]",223.0,-37.8088371,144.9484354,0,8.784,13.6181323
ORDA09290,2018-01-22,08:40:33,Breakfast,BK,"[('Eggs', 3), ('Coffee', 3), ('Cereal', 9)]",277.5,-37.800578,144.9735988,0,7.326,12.4901403
ORDK10643,2018-12-05,19:09:17,Dinner,BK,"[('Salmon', 3), ('Pasta', 10), ('Shrimp', 7)]",776.0,-37.8187764,144.9553333,0,8.581,15.8437301
ORDZ10725,2018-07-12,14:15:12,Lunch,NS,"[('Steak', 1), ('Fries', 4)]",93.0,-37.8065109,144.9427983,0,9.238,14.7957679
ORDI07947,2018-02-07,09:10:59,Breakfast,NS,"[('Cereal', 10), ('Eggs', 3)]",276.0,-37.7999672,144.9797055,0,7.032,12.1033031
ORDK02481,2018-05-18,12:33:48,Lunch,BK,"[('Fries', 4), ('Burger', 6), ('Steak', 7), ('Salad', 3)]",600.6,-37.8191448,144.9974376,0,5.173,10.6611192
ORDZ06162,2018-01-23,08:40:33,Breakfast,NS,"[('Eggs', 4), ('Pancake', 4), ('Cereal', 5), ('Coffee', 9)]",357.5,-37.8189955,144.9541445,0,9.185,14.4166872
ORDA08746,2018-11-11,18:28:43,Dinner,BK,"[('Fish&Chips', 9), ('Shrimp', 4)]",531.0,-37.8027286,144.9665224,0,7.551,17.1493867
ORDZ04035,2018-12-17,19:39:43,Dinner,NS,"[('Fish&Chips', 9), ('Salmon', 10), ('Shrimp', 1), ('Pasta', 6)]",944.0,-37.8058101,144.9490186,0,8.601,14.6224876
ORDB02578,2018-06-15,13:24:30,Lunch,TP,"[('Salad', 5), ('Fries', 8), ('Steak', 4), ('Chicken', 4), ('Burger', 4)]",614.0,-37.8194075,145.01463,0,11.939,14.9075917
ORDJ05179,2018-12-03,19:09:17,Dinner,TP,"[('Pasta', 4), ('Salmon', 9), ('Fish&Chips', 7)]",724.0,-37.820842,144.9695038,0,7.758,12.1437464
ORDK06895,2018-01-31,08:50:42,Breakfast,TP,"[('Eggs', 3), ('Pancake', 6), ('Coffee', 2)]",226.5,-37.8221478,144.9599219,0,8.672,14.8863972
ORDC01884,2018-11-02,18:08:27,Dinner,NS,"[('Salmon', 6), ('Fish&Chips', 7)]",491.0,-37.8193792,144.9612018,0,8.867,15.1373242
ORDZ01139,2018-05-30,12:54:05,Lunch,NS,"[('Chicken', 1), ('Burger', 1), ('Fries', 9)]",171.0,-37.821683,144.956248,0,9.435,15.0182741
ORDB01564,2018-07-31,14:55:46,Lunch,TP,"[('Steak', 2), ('Salad', 3), ('Burger', 3), ('Fries', 6), ('Chicken', 4)]",434.6,-37.8039499,144.9816127,0,10.108,13.4747768
ORDA07022,2018-04-26,11:43:05,Breakfast,BK,"[('Eggs', 6), ('Pancake', 2)]",180.5,-37.8185513,144.9657084,0,7.715,12.5951194
ORDI04690,2018-05-24,12:43:56,Lunch,NS,"[('Salad', 9), ('Burger', 9), ('Steak', 6), ('Chicken', 3)]",799.8,-37.8223824,144.9798417,0,8.952,14.9723238
ORDZ01987,2018-05-25,12:43:56,Lunch,NS,"[('Salad', 6), ('Burger', 9)]",382.2,-37.8082703,144.9535925,0,4.793,10.3239703
ORDC03605,2018-08-08,15:16:03,Lunch,NS,"[('Chicken', 1), ('Steak', 7), ('Salad', 4), ('Burger', 5)]",570.8,-37.8125275,144.9362089,0,10.454,15.9178403
ORDC06278,2018-05-02,12:03:22,Lunch,NS,"[('Chicken', 7), ('Salad', 10)]",396.0,-37.811723,144.9652556,0,7.642,13.2725535
ORDC03923,2018-09-01,15:56:37,Lunch,BK,"[('Burger', 6), ('Fries', 1)]",198.0,-37.8169187,144.9543252,0,8.577,16.0981711
ORDA09400,2018-09-13,16:27:02,Dinner,BK,"[('Salmon', 6), ('Shrimp', 6), ('Pasta', 2)]",625.0,-37.8131307,144.9656253,0,7.508,14.3494946
ORDA01374,2018-01-20,08:30:25,Breakfast,BK,"[('Pancake', 9), ('Cereal', 3), ('Eggs', 4)]",369.25,-37.800684,144.9857971,0,6.278,13.7427805
ORDB00424,2018-02-04,09:00:50,Breakfast,TP,"[('Eggs', 8), ('Cereal', 10), ('Pancake', 7)]",555.75,-37.8262024,144.9492544,0,8.72,13.0735366
ORDY09475,2018-05-17,12:23:39,Lunch,TP,"[('Steak', 10), ('Fries', 9), ('Salad', 6), ('Burger', 8)]",909.2,-37.8029833,144.9579563,0,9.368,12.5575492
ORDI07249,2018-09-28,16:57:27,Dinner,BK,"[('Shrimp', 9), ('Salmon', 1)]",527.0,-37.8071101,144.9468352,0,8.979,14.2742942
ORDJ03527,2018-04-09,11:12:40,Breakfast,TP,"[('Coffee', 10), ('Cereal', 6), ('Eggs', 5)]",311.0,-37.8025337,144.9445452,0,10.322,13.6643914
ORDK08607,2018-06-02,13:04:13,Lunch,BK,"[('Burger', 8), ('Chicken', 3), ('Salad', 1), ('Steak', 9)]",766.2,-37.8124518,144.9587199,0,8.0,16.2827014
ORDB07618,2018-12-31,20:00:00,Dinner,TP,"[('Fish&Chips', 9), ('Shrimp', 6)]",639.0,-37.8044999,145.0020283,0,11.695,15.698656
ORDX04898,2018-03-02,09:51:32,Breakfast,BK,"[('Eggs', 7), ('Coffee', 3), ('Cereal', 8), ('Pancake', 9)]",562.75,-37.8154287,144.9665185,0,7.528,12.5628206
ORDJ04558,2018-08-01,14:55:46,Lunch,TP,"[('Burger', 1), ('Fries', 8)]",127.0,-37.8094878,144.9362746,0,10.532,13.1918077
ORDX03706,2018-02-21,09:41:24,Breakfast,BK,"[('Eggs', 7), ('Pancake', 8)]",348.0,-37.7993128,144.9877674,0,6.24,10.4709213
ORDJ03091,2018-08-08,15:16:03,Lunch,TP,"[('Salad', 1), ('Chicken', 8), ('Steak', 7)]",588.2,-37.8063149,144.9420464,0,10.272,13.8544277
ORDB08851,2018-04-28,11:53:14,Breakfast,TP,"[('Coffee', 6), ('Pancake', 7)]",214.75,-37.8157995,144.9636952,0,7.925,12.3132167
ORDB04981,2018-07-21,14:35:29,Lunch,TP,"[('Chicken', 1), ('Burger', 2)]",94.0,-37.8225901,145.0112938,0,11.845,16.1754824
ORDA04894,2018-06-28,13:54:55,Lunch,BK,"[('Salad', 1), ('Fries', 6)]",89.2,-37.8120344,144.9492301,0,8.776,15.1280367
ORDC03361,2018-06-21,13:34:38,Lunch,NS,"[('Fries', 6), ('Chicken', 8), ('Burger', 3), ('Salad', 7)]",541.4,-37.7994744,145.0021407,0,9.688,15.2459289
ORDY00359,2018-11-06,18:18:35,Dinner,TP,"[('Pasta', 4), ('Shrimp', 2), ('Fish&Chips', 9), ('Salmon', 10)]",943.0,-37.8073957,144.9709222,0,9.317,13.2384823
ORDZ08358,2018-05-30,12:54:05,Lunch,NS,"[('Chicken', 1), ('Burger', 1), ('Steak', 4), ('Salad', 2), ('Fries', 10)]",397.4,-37.8004388,144.9577982,0,7.331,12.8869087
ORDX03986,2018-11-03,18:08:27,Dinner,BK,"[('Pasta', 9), ('Shrimp', 3), ('Fish&Chips', 10)]",759.5,-37.8101255,144.9960895,0,4.481,13.6802416
ORDC03377,2018-08-16,15:26:11,Lunch,NS,"[('Chicken', 3), ('Salad', 10), ('Burger', 10), ('Steak', 10), ('Fries', 7)]",1112.0,-37.810639,145.0015278,0,9.567,15.1358444
ORDK04370,2018-01-21,08:40:33,Breakfast,BK,"[('Coffee', 1), ('Pancake', 9), ('Cereal', 5), ('Eggs', 1)]",352.75,-37.8050828,144.9636567,0,7.578,14.7601257
ORDI02004,2018-11-11,18:18:35,Dinner,NS,"[('Salmon', 8), ('Shrimp', 2)]",436.0,-37.8044544,144.9596573,0,7.446,16.3770386
ORDX01692,2018-11-28,18:59:09,Dinner,NS,"[('Pasta', 5), ('Fish&Chips', 1), ('Salmon', 4), ('Shrimp', 4)]",552.5,-37.8208377,144.9666228,0,8.874,14.2353843
ORDX11036,2018-07-15,14:25:21,Lunch,BK,"[('Salad', 3), ('Steak', 9), ('Fries', 10)]",576.6,-37.8186136,144.9991629,0,4.953,13.3267409
ORDJ05574,2018-03-17,10:21:58,Breakfast,TP,"[('Cereal', 3), ('Coffee', 2), ('Pancake', 10)]",320.5,-37.8076849,144.9713767,0,9.299,13.7540794
ORDK04426,2018-10-14,17:27:53,Dinner,BK,"[('Salmon', 2), ('Fish&Chips', 8), ('Pasta', 6), ('Shrimp', 10)]",1067.0,-37.8059129,144.9557568,0,8.082,17.4855472
ORDI04140,2018-01-11,08:20:16,Breakfast,NS,"[('Eggs', 9), ('Coffee', 8), ('Pancake', 3)]",330.75,-37.8161258,144.9641152,1,8.258,6.4503597
ORDC04426,2018-02-14,09:21:07,Breakfast,NS,"[('Coffee', 1), ('Pancake', 1)]",31.75,-37.8248666,144.9915759,0,9.746,14.4021612
ORDK09201,2018-02-16,09:31:16,Breakfast,BK,"[('Pancake', 4), ('Eggs', 3), ('Cereal', 7)]",310.0,-37.80411,144.9495463,0,8.851,13.4486001
ORDJ03612,2018-01-14,08:20:16,Breakfast,TP,"[('Coffee', 7), ('Cereal', 8), ('Eggs', 8), ('Pancake', 3)]",469.25,-37.8165715,144.9377202,1,10.423,7.2064519
ORDC03521,2018-02-27,09:51:32,Breakfast,NS,"[('Cereal', 6), ('Eggs', 8)]",302.0,-37.8107849,144.9773545,0,7.754,12.9004285
ORDX09496,2018-02-28,09:51:32,Breakfast,NS,"[('Coffee', 1), ('Eggs', 5)]",117.5,-37.8118495,145.0003956,1,9.62,9.0868231
ORDC01882,2018-06-14,13:24:30,Lunch,NS,"[('Steak', 2), ('Salad', 1), ('Burger', 9), ('Chicken', 6), ('Fries', 3)]",614.2,-37.7997034,144.9681371,0,6.402,12.1597295
ORDK07100,2018-10-06,17:07:36,Dinner,BK,"[('Fish&Chips', 4), ('Salmon', 5)]",345.0,-37.799787,144.9579614,0,9.605,19.7342216
ORDY06585,2018-04-16,11:22:49,Breakfast,BK,"[('Eggs', 6), ('Cereal', 2), ('Coffee', 4), ('Pancake', 9)]",422.25,-37.8107102,144.9672351,0,7.182,11.2758267
ORDK10185,2018-11-07,18:18:35,Dinner,NS,"[('Shrimp', 7), ('Fish&Chips', 3), ('Pasta', 10), ('Salmon', 10)]",1168.0,-37.8112522,144.9617736,0,7.738,14.7643369
ORDI05461,2018-08-27,15:46:28,Lunch,NS,"[('Chicken', 1), ('Salad', 10)]",204.0,-37.8268226,144.9279964,0,11.791,17.3457362
ORDJ03162,2018-09-30,16:57:27,Dinner,TP,"[('Shrimp', 8), ('Pasta', 9)]",679.5,-37.824652,144.9920064,0,9.722,15.46597
ORDK00279,2018-09-05,16:06:45,Dinner,BK,"[('Pasta', 7), ('Shrimp', 2), ('Salmon', 8), ('Fish&Chips', 10)]",978.5,-37.8160858,144.9287497,0,11.651,18.9454201
ORDA03381,2018-01-17,08:30:25,Breakfast,BK,"[('Cereal', 3), ('Pancake', 8)]",257.0,-37.8066241,144.9579654,1,7.925,6.4349148
ORDA01110,2018-07-26,14:45:38,Lunch,TP,"[('Burger', 7), ('Salad', 10), ('Fries', 5), ('Chicken', 2), ('Steak', 9)]",918.0,-37.8239805,144.9827276,0,8.684,12.7403019
ORDX08958,2018-09-03,16:06:45,Dinner,BK,"[('Fish&Chips', 2), ('Salmon', 8)]",398.0,-37.8126315,144.9650456,0,7.603,14.6064425
ORDB10430,2018-01-26,08:50:42,Breakfast,TP,"[('Cereal', 1), ('Eggs', 6)]",153.0,-37.8190834,144.9465685,0,9.173,12.3408894
ORDC01472,2018-02-08,09:10:59,Breakfast,NS,"[('Eggs', 4), ('Coffee', 2), ('Cereal', 1), ('Pancake', 9)]",342.25,-37.8221003,144.9806504,0,8.967,14.1497319
ORDY05250,2018-05-01,11:53:14,Breakfast,TP,"[('Pancake', 2), ('Cereal', 3), ('Eggs', 9), ('Coffee', 8)]",369.5,-37.8090588,144.9499813,0,9.462,12.412649
ORDY04748,2018-09-15,16:27:02,Dinner,TP,"[('Pasta', 10), ('Shrimp', 6)]",599.0,-37.8149995,144.9360903,0,10.569,15.7677085
ORDZ06413,2018-11-25,18:49:00,Dinner,NS,"[('Shrimp', 6), ('Pasta', 5)]",461.5,-37.8087723,144.9827178,0,7.887,16.4165609
ORDC04642,2018-12-07,19:19:26,Dinner,NS,"[('Shrimp', 8), ('Fish&Chips', 4), ('Salmon', 8)]",900.0,-37.8243289,144.9543441,0,9.902,15.8079188
ORDK05383,2018-03-29,10:52:23,Breakfast,BK,"[('Coffee', 7), ('Pancake', 2)]",101.0,-37.8165792,144.9644004,0,7.764,12.8809264
ORDI04624,2018-08-02,15:05:54,Lunch,NS,"[('Burger', 5), ('Fries', 3), ('Chicken', 9)]",479.0,-37.8101218,145.0064781,0,10.105,15.4546417
ORDI05483,2018-06-08,13:14:21,Lunch,NS,"[('Steak', 10), ('Fries', 10), ('Burger', 3)]",663.0,-37.8164627,144.9651728,0,8.294,12.8133562
ORDI00492,2018-10-05,17:07:36,Dinner,NS,"[('Salmon', 8), ('Pasta', 8), ('Shrimp', 1), ('Fish&Chips', 8)]",882.0,-37.8080231,144.9558917,0,8.035,14.0651788
ORDZ08211,2018-03-27,10:42:15,Breakfast,NS,"[('Coffee', 3), ('Pancake', 6), ('Cereal', 1), ('Eggs', 10)]",409.0,-37.8091936,144.9730657,0,7.24,12.1146813
ORDA06488,2018-09-23,16:47:19,Dinner,BK,"[('Salmon', 1), ('Pasta', 7), ('Shrimp', 6), ('Fish&Chips', 7)]",802.5,-37.8055587,144.9450848,0,9.1,19.2453832
ORDY05487,2018-07-06,14:05:04,Lunch,TP,"[('Burger', 3), ('Steak', 7)]",408.0,-37.8112457,145.0004382,0,11.05,14.2729245
ORDB04585,2018-09-21,16:47:19,Dinner,TP,"[('Pasta', 1), ('Shrimp', 9), ('Fish&Chips', 10), ('Salmon', 2)]",945.5,-37.8203203,144.9577258,0,7.933,12.2527219
ORDY09124,2018-01-30,08:50:42,Breakfast,TP,"[('Cereal', 5), ('Eggs', 9), ('Pancake', 3), ('Coffee', 1)]",383.25,-37.8231264,144.9780934,0,8.259,11.3064464
